index,类别,基本分类,办理等级,办理部门,keywords,simwords
0,城市市容管理类,下水道堵塞或破损,A,社区,"['下水', '水道', '下水道', '堵塞', '破损']","['下水', '水道', '下水道', '堵塞', '破损']"
1,城市市容管理类,生活垃圾,A,社区,"['生活', '垃圾']","['生活', '垃圾']"
2,社会服务类,“三无”老人救助,A,社区,"['三无', '老人', '救助']","['三无', '老人', '救助']"
3,社会服务类,申办老年证,A,社区,"['申办', '老年', '证']","['申办', '老年', '证']"
4,社会服务类,残疾证申办,A,社区,"['残疾', '残疾证', '申办']","['残障', '病灶', '伤残', '身心障碍', '残疾人', '残疾', '残废', '病残', '暗疾', '固疾', '隐疾', '恶疾', '残疾人士', '癌症', '申办']"
5,社会服务类,计划生育政策落实问题,A,社区,"['计划', '生育', '计划生育', '政策', '落实']","['计划', '生育', '计划生育', '政策', '落实']"
6,社会服务类,邻里纠纷,A,社区,"['邻里', '纠纷', '邻里纠纷']","['邻里', '纠纷', '邻里纠纷']"
7,社会服务类,社区矫正,A,社区,"['社区', '矫正']","['社区', '矫正']"
8,社会服务类,恋爱、同居纠纷,A,社区,"['恋爱', '同居', '纠纷']","['谈恋爱', '相恋', '谈情说爱', '婚恋', '爱情', '恋情', '爱恋', '恋爱', '热恋', '恋', '私通', '姘居', '奸', '苟合', '通奸', '偷人', '通', '同居', '碴儿', '纠纷', '不和', '隙', '裂痕', '枝节', '隔膜', '冲突', '芥蒂', '争端', '失和', '疙瘩', '衅', '麻烦', '隔阂', '夙嫌', '嫌', '纠葛', '嫌隙']"
9,社会服务类,家庭纠纷,A,社区,"['家庭', '纠纷']","['家庭生活', '家庭关系', '家庭', '人家', '门', '家中', '家家', '家园', '家', '碴儿', '纠纷', '不和', '隙', '裂痕', '枝节', '隔膜', '冲突', '芥蒂', '争端', '失和', '疙瘩', '衅', '麻烦', '隔阂', '夙嫌', '嫌', '纠葛', '嫌隙']"
10,城市市容管理类,异味污染问题,B,街道、区环保局,"['异味', '污染']","['异味', '卤味', '野味', '腊味', '海味', '恶浊', '招', '脏乱', '水污染', '污染', '浑浊', '浊', '邋遢', '脏', '脏乱差', '秽', '龌龊', '污秽', '污', '滓', '染', '污迹', '传染', '传', '污浊', '脏乎乎', '肮脏', '印迹']"
11,城市市容管理类,粉尘污染问题,B,街道、区环保局,"['粉尘', '污染']","['矿尘', '黄埃', '尘烟', '沙尘', '煤尘', '灰渣', '黄尘', '烟尘', '宇宙尘', '秽土', '尘暴', '飘尘', '原子尘', '粉尘', '恶浊', '招', '脏乱', '水污染', '污染', '浑浊', '浊', '邋遢', '脏', '脏乱差', '秽', '龌龊', '污秽', '污', '滓', '染', '污迹', '传染', '传', '污浊', '脏乎乎', '肮脏', '印迹']"
12,城市市容管理类,电磁辐射污染问题,B,区环保局,"['电磁', '辐射', '电磁辐射', '污染']","['电磁力', '电磁学', '电磁', '辐射', '辐照', '电磁辐射', '贯穿辐射', '光辐射', '核辐射', '恶浊', '招', '脏乱', '水污染', '污染', '浑浊', '浊', '邋遢', '脏', '脏乱差', '秽', '龌龊', '污秽', '污', '滓', '染', '污迹', '传染', '传', '污浊', '脏乎乎', '肮脏', '印迹']"
13,城市市容管理类,建筑垃圾,B,街道,"['建筑', '垃圾']","['建筑', '垃圾']"
14,城市市容管理类,商业噪音问题,B,街道,"['商业', '噪音']","['经贸', '商业', '小本生意', '商业贸易', '商务', '商贸', '小本经营', '生意', '买卖', '商', '小买卖', '杂音', '噪声', '噪音']"
15,城市市容管理类,生活噪声问题,B,区公安分局,"['生活', '噪声']","['存', '安身立命', '光景', '活', '日子', '过日子', '生', '小日子', '过活', '健在', '衣食住行', '起居', '劳动', '度日', '社会生活', '安家立业', '生存', '活着', '生活', '在', '在世', '食宿', '吃饭', '活计', '活路', '活儿', '饮食起居', '体力劳动', '光阴', '杂音', '噪声', '噪音']"
16,城市市容管理类,工业噪声问题,B,街道、区城管执法局,"['工业', '噪声']","['工业', '噪声']"
17,城市市容管理类,私搭乱建,B,街道,['私搭乱建'],['私搭乱建']
18,城市市容管理类,占道经营,B,街道,"['占', '道', '经营']","['占', '道', '经营']"
19,城市市容管理类,油烟污染,B,街道,"['油烟', '污染']","['烽烟', '炊烟', '风烟', '香烟', '夕烟', '抽油烟机、排油烟机', '煤烟', '松烟', '硝烟滚滚', '油烟机', '吸油烟机', '烟云', '硝烟', '烟硝', '油烟', '恶浊', '招', '脏乱', '水污染', '污染', '浑浊', '浊', '邋遢', '脏', '脏乱差', '秽', '龌龊', '污秽', '污', '滓', '染', '污迹', '传染', '传', '污浊', '脏乎乎', '肮脏', '印迹']"
20,城市市容管理类,工地噪音,B,区城管执法局、区环保局,"['工地', '噪音']","['工地', '噪音']"
21,城市市容管理类,路面破损,B,街道、区城管执法局,"['路面', '破损']","['河面', '屋面', '抛物面', '地面', '洋面', '海面', '海水面', '湖面', '水面', '冰面', '扇面', '叶面', '单面', '路面', '桥面', '破败', '褴褛', '麻花', '敝', '破烂儿', '烂乎乎', '破烂不堪', '破烂', '破绽', '破', '千疮百孔', '烂', '破碎', '百孔千疮', '破破烂烂', '破损', '败', '破相']"
22,城市市容管理类,道路不洁,B,街道,"['道路', '不洁']","['路途', '道路', '马路', '蹊', '征程', '路', '道', '通衢', '路径', '途', '程', '衢', '馗', '途程', '征途', '径']"
23,城市市容管理类,公厕管理问题,B,区城管执法局,['公厕'],"['女厕', '公厕', '男厕', '洗漱间']"
24,城市市容管理类,街道“三乱”,B,街道,"['街道', '三乱']","['马路', '大街', '街道办', '逵', '街办', '街道', '街', '街道办事处']"
25,城市市容管理类,违规占用、挖掘道路,B,街道,"['违规', '占用', '挖掘', '道路']","['违规', '占用', '挖掘', '道路']"
26,城市市容管理类,焚烧垃圾,B,街道,"['焚烧', '垃圾']","['燃烧', '灼', '点燃', '着', '燃', '焚烧', '焚', '火三角', '燔', '烧', '废料', '滓', '排泄物', '下脚', '垃圾', '破铜烂铁', '污染源', '垃圾堆', '破烂', '废品', '渣滓', '废弃物', '废物', '渣', '污物', '杂质']"
27,城市市容管理类,擅自饲养家禽家畜,B,街道,"['擅自', '饲养', '家禽', '家畜', '家禽家畜']","['擅自', '饲养', '家禽', '家畜', '家禽家畜']"
28,城市市容管理类,河堤破损,B,区水务局,"['河堤', '破损']","['河堤', '破损']"
29,城市市容管理类,江滩维护管理,B,区水务局,"['江滩', '维护']","['保障', '掩护', '卫护', '护卫', '护', '保护', '保安', '维护']"
30,城市市容管理类,违法填湖,B,区水务局、区城管执法局,"['违法', '填湖']","['犯罪', '图谋不轨', '作案', '犯法', '违法', '玩火', '以身试法', '作奸犯科', '犯案', '不轨', '违法乱纪', '违纪', '冒天下之大不韪']"
31,城市市容管理类,其它市容环境管理问题,B,街道,"['市容', '环境']","['市容', '镇容', '矿容', '院容', '条件', '环境']"
32,城市市容管理类,广告牌管理,B,街道,"['广告', '广告牌']","['海报', '广告辞', '广告', '广告牌', '标语牌', '看板', '记分牌', '馆牌', 'Billboard', '黄牌', '粉牌', '铭牌', '警示牌', '标价牌', '告示牌', '纪念牌', '免战牌', '银牌', '名牌', '匾牌', '招牌', '红牌', '光荣牌', '门牌', '宣传牌', '倒计时牌', '车牌', '水牌', '服务牌', '金牌', '铜牌', '标志牌', '行李牌', '揭牌', '品牌', '木牌', '校牌', '奖牌']"
33,城市市容管理类,市政公园、道路、桥梁、绿地、照明设施,B,街道、区城管执法局,"['市政', '公园', '道路', '桥梁', '绿地', '照明', '设施']","['市政', '公园', '道路', '桥梁', '绿地', '照明', '设施']"
34,城市市容管理类,泥头车违规,B,区城管执法局,"['泥头车', '违规']","['违宪', '违例', '违规', '违心', '违纪']"
35,城市市容管理类,环卫设施,B,街道、区城管执法局,"['环卫', '设施']","['公共卫生', '环卫', '个人卫生', '环境卫生', '设施', '装具', '装置', '配备', '装备', '设备']"
36,城市市容管理类,垃圾填埋场安全,B,区城管执法局,"['垃圾', '填埋', '填埋场', '安全']","['垃圾', '填埋', '填埋场', '安全']"
37,城市市容管理类,街头散发小广告,B,街道,"['街头', '散发', '小', '广告']","['街头', '散发', '小', '广告']"
38,城市市容管理类,灯箱、霓虹灯破损,B,街道、区城管执法局,"['灯箱', '霓虹', '霓虹灯', '破损']","['灯箱', '霓虹', '霓虹灯', '破损']"
39,城市市容管理类,积水问题,B,区水务局,['积水'],"['积水', '沥水']"
40,城市市容管理类,水污染问题,B,区水务局、区环保局,"['污染', '水污染']","['污染', '水污染']"
41,食品药品及医疗卫生管理类,化妆品问题,B,区市场监管局,"['化妆', '化妆品']","['化妆', '妆饰', '美容', '打扮', '易服', '美发', '变装', '易装', '化装', '妆', '化妆品', '彩妆', '装扮', '彩妆', '化妆', '脂粉', '化妆品']"
42,食品药品及医疗卫生管理类,医药收费问题,B,区卫健局,"['医药', '收费']","['成药', '内服药', '新药', '镇静药', '药物', '眼药', '该药', '藏药', '疯药', '藏医药', '眼药水', '生药', '杀虫药', '急救药', '麻醉药', '名药', '假药', '中成药', '名医药', '纯中药', '怀药', '仙丹', '感冒药', '止痛药', '良药', '农药', '中西药', '退热药', '泻药', '末药', '西药', '灵药', '狗皮膏药', '医药', '凉药', '收贷', '收费', '收款']"
43,食品药品及医疗卫生管理类,院前急救,B,区卫健局,"['院前', '急救']","['急诊', 'First-aid', '抢救', '救治', '急救', '救护']"
44,食品药品及医疗卫生管理类,食品卫生问题,B,区市场监管局,"['食品', '卫生', '食品卫生']","['食品', '食物', '食', '熟食', 'Food', '菜肴', '清新', '干净', '净', '净空', '明窗净几', '洁净', '保健', '窗明几净', '卫生', '干干净净', '一尘不染', '白净净', '公共卫生', '清清爽爽', '洁', '整洁', '清洁', '净化', '无污染', '清爽', '清爽爽']"
45,食品药品及医疗卫生管理类,食品生产和加工及相关产品问题,B,区市场监管局,"['食品', '生产', '加工', '产品']","['食品', '食物', '食', '熟食', 'Food', '菜肴', '核心', '出', '生育', '生产', '制造', '内核', '生', '添丁', '推出', '生养', '出产', '搞出', '生产要素', '养', '产', '生儿育女', '盛产', '加工', '必要产品', '出品', '制品', '活', '成品', '产品']"
46,食品药品及医疗卫生管理类,非法鉴定胎儿性别,B,区卫健局,"['非法', '鉴定', '胎儿', '性别']","['非法', '鉴定', '胎儿', '性别']"
47,食品药品及医疗卫生管理类,流动人口孕情问题,B,街道、区卫健局,"['流动', '动人', '人口', '流动人口', '孕情']","['流动', '动人', '人口', '流动人口', '孕情']"
48,食品药品及医疗卫生管理类,无证行医,B,区卫健局,"['无证', '行医']","['从医', '行医', '救死扶伤']"
49,食品药品及医疗卫生管理类,无证经营药品,B,区市场监管局,"['无证', '经营', '药品']","['管', '经营', '管治', '经', 'Marketing', '市场学', '治理', '治治', '问', '管事', '销售', '市场营销', '管管', '掌', '经理', '行销学', '理', '市场行销', '经纪', '掌管', '管理', '营销', '营', '药物治疗', '药物', '药石', '药品', '药', '药味', '药料']"
50,食品药品及医疗卫生管理类,非法回收药品,B,区市场监管局,"['非法', '回收', '药品']","['非法', '回收', '药品']"
51,食品药品及医疗卫生管理类,销售假冒伪劣药品,B,区市场监管局,"['销售', '假冒', '伪劣', '假冒伪劣', '药品']","['销售', '假冒', '伪劣', '假冒伪劣', '药品']"
52,食品药品及医疗卫生管理类,医疗纠纷,B,区卫健局,"['医疗', '纠纷', '医疗纠纷']","['疗', '医疗卫生', '医疗', '诊治', '医疗保健', '临床', '治疗', '治', '诊疗', '治病', '看病', '医', '卫生保健', '医治', '看', '碴儿', '纠纷', '不和', '隙', '裂痕', '枝节', '隔膜', '冲突', '芥蒂', '争端', '失和', '疙瘩', '衅', '麻烦', '隔阂', '夙嫌', '嫌', '纠葛', '嫌隙']"
53,食品药品及医疗卫生管理类,其它食品药品及医疗卫生管理问题,B,区卫健局、区市场监管局,"['食品', '药品', '食品药品', '医疗', '卫生', '医疗卫生']","['食品', '药品', '食品药品', '医疗', '卫生', '医疗卫生']"
54,食品药品及医疗卫生管理类,医学美容纠纷,B,区卫健局,"['医学', '美容', '医学美容', '纠纷']","['医学研究', '医学界', '医学', '医道', '医', '医术', '化妆', '妆饰', '美容', '打扮', '美发', '装扮', '碴儿', '纠纷', '不和', '隙', '裂痕', '枝节', '隔膜', '冲突', '芥蒂', '争端', '失和', '疙瘩', '衅', '麻烦', '隔阂', '夙嫌', '嫌', '纠葛', '嫌隙']"
55,食品药品及医疗卫生管理类,保健食品纠纷,B,区市场监管局,"['保健', '食品', '保健食品', '纠纷']","['保健', '食品', '保健食品', '纠纷']"
56,食品药品及医疗卫生管理类,化妆品纠纷,B,区市场监管局,"['化妆', '化妆品', '纠纷']","['化妆', '妆饰', '美容', '打扮', '易服', '美发', '变装', '易装', '化装', '妆', '化妆品', '彩妆', '装扮', '彩妆', '化妆', '脂粉', '化妆品', '碴儿', '纠纷', '不和', '隙', '裂痕', '枝节', '隔膜', '冲突', '芥蒂', '争端', '失和', '疙瘩', '衅', '麻烦', '隔阂', '夙嫌', '嫌', '纠葛', '嫌隙']"
57,食品药品及医疗卫生管理类,医疗器械纠纷,B,区卫健局,"['医疗', '器械', '医疗器械', '纠纷']","['医疗', '器械', '医疗器械', '纠纷']"
58,食品药品及医疗卫生管理类,医托问题,B,区卫健局、区公安分局,['医托'],['医托']
59,食品药品及医疗卫生管理类,医院管理问题,B,区卫健局,['医院'],"['卫生站', '医务室', '医务所', '医院', '卫生院', '病院', '院长', '诊疗所', '诊所', '卫生所', 'Hospital', '保健站', '保健室']"
60,食品药品及医疗卫生管理类,预防接种,B,区卫健局,"['预防', '接种', '预防接种']","['提防', '以防万一', '防范', '警备', '防微杜渐', '防患未然', '戒备', '谨防', '防', '严防', '曲突徙薪', '戒', '防止', '预防医学', '防护', '以防', '防备', '预防', '备', '接种', '育种']"
61,宣传广告指示牌类,违章悬挂广告牌匾,B,街道,"['违章', '悬挂', '广告', '牌匾']","['犯禁', '犯规', '违章', '违禁', '挂', '悬挂', '挂到', '张', '昂立', '钩挂', '高高挂起', '高悬', '张挂', '倒挂', '吊放', '悬垂', '吊', '吊起', '浮吊', '悬', '海报', '广告辞', '广告', '匾', '牌匾', '匾额', '横匾', '舫匾']"
62,宣传广告指示牌类,占道广告牌,B,街道,"['占', '道', '广告', '广告牌']","['占', '道', '广告', '广告牌']"
63,宣传广告指示牌类,其它宣传广告指示牌管理问题,B,街道,"['宣传', '广告', '指示', '指示牌']","['宣扬', '阐扬', '造舆论', '鼓吹', '大吹大擂', '大喊大叫', '做广告', '宣传', '扬', '揄扬', '海报', '广告辞', '广告', '训令', '训', '训示', '指示', '谕', '训话', '训词', '指令', '指示牌']"
64,宣传广告指示牌类,不规范招牌,B,街道,"['不', '规范', '招牌']","['不', '规范', '招牌']"
65,宣传广告指示牌类,广告牌匾破损,B,街道,"['广告', '牌匾', '破损']","['海报', '广告辞', '广告', '匾', '牌匾', '匾额', '横匾', '舫匾', '破败', '褴褛', '麻花', '敝', '破烂儿', '烂乎乎', '破烂不堪', '破烂', '破绽', '破', '千疮百孔', '烂', '破碎', '百孔千疮', '破破烂烂', '破损', '败', '破相']"
66,安全生产管理类,易燃易爆物,B,区公安分局、区应急管理局,"['易燃', '易爆', '易燃易爆', '物']","['可燃性', '易爆', '可燃物', '易燃', '燃点', '易损', '易燃易爆', '易爆', '易燃', '易燃易爆', '易损', '易爆', '易燃', '易燃易爆', '易损', '东西', '物料', '家伙', '钱物', '玩意', '玩意儿', '事物', '实物', '物']"
67,安全生产管理类,“三合一”场所类,B,区公安分局、区应急管理局,"['三合', '合一', '三合一', '场所']","['三合', '合一', '三合一', '场所']"
68,安全生产管理类,一般工业固废问题,B,区应急管理局,"['一般', '工业', '固废']","['一般', '工业', '固废']"
69,安全生产管理类,医疗废物问题,B,区卫健局,"['医疗', '废物']","['医疗', '废物']"
70,安全生产管理类,有毒有害危险品问题,B,区应急管理局,"['有毒', '有害', '危险', '危险品']","['有毒', '有害', '危险', '危险品']"
71,安全生产管理类,工业废水问题,B,区环保局,"['工业', '废水', '工业废水']","['工业', '废水', '工业废水']"
72,安全生产管理类,工业废气问题,B,区环保局,"['工业', '废气']","['工业', '废气']"
73,安全生产管理类,计量标准许可,B,区市场监管局,"['计量', '标准', '许可']","['计量', '标准', '许可']"
74,安全生产管理类,危险施工,B,区应急管理局,"['危险', '施工']","['危险', '施工']"
75,安全生产管理类,违反危化品生产经营管理问题,B,区应急管理局,"['违反', '危化品', '生产', '经营']","['违反', '危化品', '生产', '经营']"
76,安全生产管理类,特种设备,B,区市场监管局,"['特种', '设备', '特种设备']","['特种', '设备', '特种设备']"
77,安全生产管理类,放射性污染问题,B,区环保局,"['放射', '放射性', '污染']","['放射', '放射性', '污染']"
78,安全生产管理类,其它安全生产管理问题,B,区应急管理局,"['安全', '生产']","['安全', '生产']"
79,安全生产管理类,烟花爆竹的管理,B,区公安分局,"['烟花', '爆竹', '烟花爆竹']","['烟火', '焰火', '烟花', '花火', '炮仗', '纸炮仔', '爆竹', '鞭炮']"
80,安全生产管理类,工业产品,B,区市场监管局,"['工业', '产品']","['工业', '产品']"
81,安全生产管理类,气瓶充装管理,B,区城管执法局,"['气瓶', '充装']",['气瓶']
82,安全生产管理类,移动式承压罐车（液化气罐车等）,B,区应急管理局,"['移动', '动式', '移动式', '承压', '罐车', '液化', '化气', '气罐', '液化气', '液化气罐', '车']","['移动', '动式', '移动式', '承压', '罐车', '液化', '化气', '气罐', '液化气', '液化气罐', '车']"
83,安全生产管理类,计量检定检验机构,B,区市场监管局,"['计量', '检定', '检验', '机构']","['计量', '检定', '检验', '机构']"
84,安全生产管理类,制造、修理计量器具企业,B,区市场监管局,"['制造', '修理', '计量', '器具', '企业']","['制造', '修理', '计量', '器具', '企业']"
85,安全生产管理类,工伤认定、劳动能力鉴定问题,B,区人力资源局、区社会保障局,"['工伤', '认定', '劳动', '能力', '鉴定']","['工伤', '认定', '劳动', '能力', '鉴定']"
86,社会劳动保障管理类,医疗互助问题,B,区社会保障局,"['医疗', '互助']","['疗', '医疗卫生', '医疗', '诊治', '医疗保健', '临床', '治疗', '治', '诊疗', '治病', '看病', '医', '卫生保健', '医治', '看', '互济', '互助', '互助土族自治县', '互帮互助', '相濡以沫']"
87,社会劳动保障管理类,协议解除劳动关系,B,区人力资源局,"['协议', '解除', '劳动', '关系']","['协议', '解除', '劳动', '关系']"
88,社会劳动保障管理类,劳务派遣纠纷,B,区人力资源局,"['劳务', '派遣', '纠纷']","['劳务', '派遣', '纠纷']"
89,社会劳动保障管理类,职业资格考试,B,区人力资源局,"['职业', '资格', '考试', '资格考试']","['营生', '业', '饭碗', '专职', '工作', '差事', '生业', '职业', '事', '事情', '差', '生意', 'Profession、Occupation', '办公', '身价', '身份', '资格', '测验', '试', '考', '考查', '试验', '考试']"
90,社会劳动保障管理类,拖欠工资,B,区人力资源局,"['拖欠', '工资', '拖欠工资']","['亏空', '该', '欠', '空', '拖欠', '亏欠', '缺损', '亏累', '薪金', '工钱', '薪水', '薪资', '工薪', '人工', '工资']"
91,社会劳动保障管理类,医保申领问题,B,区社会保障局,"['医保', '申领']","['健康保险', 'insurance', 'Medical', '健保', '医保', '医疗保险']"
92,社会劳动保障管理类,低保申领问题,B,街道、区社会保障局,"['低保', '申领']","['低保', '申领']"
93,社会劳动保障管理类,劳动合同纠纷,B,区人力资源局,"['劳动', '合同', '纠纷', '合同纠纷']","['劳动', '合同', '纠纷', '合同纠纷']"
94,社会劳动保障管理类,养老金落实,B,街道、区社会保障局,"['养老', '老金', '养老金', '落实']","['社会保障', '赡养', '供奉', '养老', '奉养', '菽水承欢', '供养', '退休金', '退休', '养老金', '塌实', '促成', '贯彻', '心想事成', '安稳', '奋斗以成', '兑现', '笃定', '实现', '落实']"
95,社会劳动保障管理类,失业保险金申领问题,B,街道、区社会保障局,"['失业', '保险', '保险金', '申领']","['失业', '保险', '保险金', '申领']"
96,社会劳动保障管理类,困难群体就业,B,街道,"['困难', '群体', '就业']","['困难', '群体', '就业']"
97,社会劳动保障管理类,职业介绍问题,B,区人力资源局,"['职业', '介绍']","['营生', '业', '饭碗', '专职', '工作', '差事', '生业', '职业', '事', '事情', '差', '生意', 'Profession、Occupation', '办公', '引见', '介绍', '穿针引线', '牵线', '说明']"
98,社会劳动保障管理类,非法使用童工,B,区人力资源局,"['非法', '使用', '童工']","['非法', '使用', '童工']"
99,社会劳动保障管理类,优抚政策落实问题,B,区退役军人事务局,"['优抚', '政策', '落实']","['优抚', '压惊', '贴慰', '抚恤', '吊民伐罪', '抚爱', '策', '政策', '同化政策', '国策', '策略', '方针', '塌实', '促成', '贯彻', '心想事成', '安稳', '奋斗以成', '兑现', '笃定', '实现', '落实']"
100,社会劳动保障管理类,军转安置补助问题,B,区退役军人事务局,"['军转', '安置', '补助']","['转业退伍', '转业', '军转', '复员', '复转', '交待', '安排', '安顿', '铺排', '安置', '资助', '帮衬', '捐助', '补助']"
101,社会劳动保障管理类,其它劳动社会保障类问题,B,街道、区民政局、区社会保障局,"['劳动', '社会', '保障', '社会保障']","['劳动', '社会', '保障', '社会保障']"
102,社会劳动保障管理类,职业病,B,区卫健局,"['职业', '职业病']","['营生', '业', '饭碗', '专职', '工作', '差事', '生业', '职业', '事', '事情', '差', '生意', 'Profession、Occupation', '办公', '思乡病', '老年病', '职业病', '后遗症', '多发病', '碘缺乏病', '地方病', '流行病', '工业病', '遗传病', '放射病', '富贵病', '疑难病', '常见病']"
103,社会劳动保障管理类,经营者逃逸或隐匿,B,区公安分局、区人力资源局,"['经营', '经营者', '逃逸', '隐匿']","['经营', '经营者', '逃逸', '隐匿']"
104,社会劳动保障管理类,工伤、生育保险待遇申领问题,B,区社会保障局,"['工伤', '生育', '保险', '待遇', '申领']","['工伤', '生育', '保险', '待遇', '申领']"
105,社会劳动保障管理类,人力资源管理,B,区人力资源局,"['人力', '资源', '资源管理']","['人力', '资源', '资源管理']"
106,社会劳动保障管理类,受灾人员救助,B,区民政局,"['受灾', '救助']","['受灾', '救助']"
107,房屋土地管理类,房屋安全,B,区房管局,"['房屋', '安全']","['房屋', '安全']"
108,房屋土地管理类,房产收费问题,B,区房管局、区发改委,"['房产', '收费']","['田产', '房产', '林产', '地产', '固定资产', '不动产', '动产', '房地产', '收贷', '收费', '收款']"
109,房屋土地管理类,拆迁问题,B,街道,['拆迁'],"['拆散', '拆迁', '拆', '拆除', '拆线', '拆开', '拆解', '拆毁', '拆卸']"
110,房屋土地管理类,违法占地,B,街道,"['违法', '占地']","['犯罪', '图谋不轨', '作案', '犯法', '违法', '玩火', '以身试法', '作奸犯科', '犯案', '不轨', '违法乱纪', '违纪', '冒天下之大不韪', '占地']"
111,房屋土地管理类,房屋纠纷,B,街道、区房管局,"['房屋', '纠纷']","['房屋', '纠纷']"
112,房屋土地管理类,物业纠纷,B,区房管局,"['物业', '纠纷']","['碴儿', '纠纷', '不和', '隙', '裂痕', '枝节', '隔膜', '冲突', '芥蒂', '争端', '失和', '疙瘩', '衅', '麻烦', '隔阂', '夙嫌', '嫌', '纠葛', '嫌隙']"
113,房屋土地管理类,商品房买卖纠纷,B,区房管局,"['商品', '商品房', '买卖', '纠纷']","['商品', '商品房', '买卖', '纠纷']"
114,房屋土地管理类,房屋产权问题,B,区房管局,"['房屋', '产权', '房屋产权']","['住宅区', '屋宇', '房', '屋', '屋仔', '民居', '毡包', '家', '家宅', '房舍', '房屋', '厝', '民宅', '穹庐', '蒙古包', '毡帐', '楼宇', '住房', '屋企', '住宅', '房子', '财产权', '产权', '物权']"
115,房屋土地管理类,房屋建设规划问题,B,区规划局,"['房屋', '建设', '规划']","['房屋', '建设', '规划']"
116,房屋土地管理类,二手房买卖纠纷,B,区房管局,"['二手', '二手房', '买卖', '纠纷']","['二手货', '二手', '交易', 'Transaction', '经贸', '小本经营', '商业', '互市', '贸易', '小本生意', '商贸', '交换', '生意', '买卖', '商', '小买卖', '碴儿', '纠纷', '不和', '隙', '裂痕', '枝节', '隔膜', '冲突', '芥蒂', '争端', '失和', '疙瘩', '衅', '麻烦', '隔阂', '夙嫌', '嫌', '纠葛', '嫌隙']"
117,房屋土地管理类,房屋质量问题,B,区房管局,"['房屋', '质量']","['住宅区', '屋宇', '房', '屋', '屋仔', '民居', '毡包', '家', '家宅', '房舍', '房屋', '厝', '民宅', '穹庐', '蒙古包', '毡帐', '楼宇', '住房', '屋企', '住宅', '房子', '成色', '质量', '品质', '质地', '质', '色', '身分', '质素', '重量']"
118,房屋土地管理类,其它房屋土地管理问题,B,区房管局,"['房屋', '土地']","['房屋', '土地']"
119,房屋土地管理类,宅基地纠纷,B,街道,"['宅基', '基地', '宅基地', '纠纷']","['宅基', '基地', '宅基地', '纠纷']"
120,房屋土地管理类,直管公房维修问题,B,区房地公司,"['直管', '公房', '维修']","['农舍', '私房', '洋房', '瓦舍', '民房', '公房', '瓦房', '田舍', '工房', '毡房', '厂房', '铸补', '保修', '培修', '修润', '修造', '检修', '返修', '备份', '修配', '回修', '修脚', '小修', '专修', '维修', '大修', '抢修', '补修', '岁修']"
121,市场管理类,游泳池从业人员持健康证问题,B,区卫健局,"['游泳', '泳池', '游泳池', '从业', '从业人员', '持', '健康', '健康证']","['游泳', '泳池', '游泳池', '从业', '从业人员', '持', '健康', '健康证']"
122,市场管理类,超范围经营,B,区市场监管局,"['范围', '超范围', '经营']","['范围', '超范围', '经营']"
123,市场管理类,游泳人员持健康证问题,B,区卫健局,"['游泳', '持', '健康', '健康证']","['游泳', '持', '健康', '健康证']"
124,市场管理类,怀疑贩假售假行为,B,区市场监管局,"['怀疑', '贩假', '售假', '行为']","['怀疑', '贩假', '售假', '行为']"
125,市场管理类,已领取工W营业执照，应领取《工业产品生产许可证》而没领取,B,区市场监管局,"['领取', '工', '营业', '执照', '营业执照', '应', '领取', '工业', '产品', '生产', '许可', '许可证', '没', '领取']","['领取', '工', '营业', '执照', '营业执照', '应', '领取', '工业', '产品', '生产', '许可', '许可证', '没', '领取']"
126,市场管理类,消费者维权,B,区市场监管局,"['消费', '消费者', '维权']","['花钱', '花费', '花消', '费', '消费', '花', '顾客', '客官', '主顾', '消费者', '顾主', '买主', '客']"
127,市场管理类,无证照经营,B,区市场监管局,"['无证', '证照', '无证照', '经营']","['许可证', '执照', '证照', '照', '管', '经营', '管治', '经', 'Marketing', '市场学', '治理', '治治', '问', '管事', '销售', '市场营销', '管管', '掌', '经理', '行销学', '理', '市场行销', '经纪', '掌管', '管理', '营销', '营']"
128,市场管理类,互联网上网服务营业场所,B,区市场监管局、区文体旅广局,"['互联', '联网', '互联网', '上网', '服务', '营业', '场所']","['互联', '联网', '互联网', '上网', '服务', '营业', '场所']"
129,市场管理类,涉税举报,B,区税务局,"['涉税', '举报']","['上报', '汇报', '检举', '禀报', '申报', '上告', '告发', '举报', '告密', '报案', '层报', '呈报', '反馈', '揭发', '反映', '报告']"
130,市场管理类,酒类市场管理问题,B,区市场监管局,"['酒类', '市场']","['酒类', '市场']"
131,市场管理类,商品零售,B,区市场监管局,"['商品', '零售']","['东西', '货品', '物品', '货色', '货物', '商品', '货', '零卖', '零售商店', '零售']"
132,市场管理类,出版物,B,区文体旅广局,"['出版', '出版物']","['出版', '出版物']"
133,市场管理类,其它市场管理问题,B,区发改委、区市场监管局,['市场'],"['城市', '市井', '流通', '市制', '商场', '都', '城', '商海', '都市', 'City', '建制市', '市场', '市面', '市', '交易场所']"
134,市场管理类,违规发布医疗广告的医疗机构监管问题,B,区卫健局,"['违规', '发布', '医疗', '广告', '医疗广告', '医疗', '机构', '医疗机构', '监管']","['违规', '发布', '医疗', '广告', '医疗广告', '医疗', '机构', '医疗机构', '监管']"
135,市场管理类,擅自在出租屋内生产加工产品,B,区市场监管局,"['擅自', '在', '出租', '租屋', '出租屋', '内', '生产', '加工', '产品']","['擅自', '在', '出租', '租屋', '出租屋', '内', '生产', '加工', '产品']"
136,市场管理类,非法食品加工厂,B,区市场监管局,"['非法', '食品', '加工', '工厂', '加工厂']","['非法', '食品', '加工', '工厂', '加工厂']"
137,市场管理类,涉嫌经营假冒伪劣药品、医疗器械、保健食品，违法销售成瘾性处方药（含止咳水）,B,区市场监管局、区卫健局,"['涉嫌', '经营', '假冒', '伪劣', '假冒伪劣', '药品', '医疗', '器械', '医疗器械', '保健', '食品', '保健食品', '违法', '销售', '成瘾', '成瘾性', '处方', '方药', '处方药', '含', '止咳', '止咳水']","['涉嫌', '经营', '假冒', '伪劣', '假冒伪劣', '药品', '医疗', '器械', '医疗器械', '保健', '食品', '保健食品', '违法', '销售', '成瘾', '成瘾性', '处方', '方药', '处方药', '含', '止咳', '止咳水']"
138,市场管理类,工商营业执照与法人不符,B,区市场监管局,"['工商', '营业', '执照', '营业执照', '法人', '不符']","['工商', '营业', '执照', '营业执照', '法人', '不符']"
139,市场管理类,非法进行胎儿性别鉴定和选择性别的人工终止妊娠,B,区卫健局,"['非法', '进行', '胎儿', '性别', '鉴定', '选择', '选择性', '别的', '人工', '终止', '妊娠']","['非法', '进行', '胎儿', '性别', '鉴定', '选择', '选择性', '别的', '人工', '终止', '妊娠']"
140,市场管理类,加油站管理,B,区商务局,"['加油', '加油站']","['加油', '加油站']"
141,市场管理类,旅游行业,B,区文体旅广局,"['旅游', '行业']","['游览', '周游', '巡游', '出境游', '出游', '漫游', '游山玩水', '云游', '国旅', '环游', '旅游', '畅游', '游历', '观光', '遨游', '巡礼', '游客', '登临', '正业', '行当', '业', '同行业', '本行', '行', '行业']"
142,市场管理类,商业合同纠纷,B,区市场监管局,"['商业', '合同', '纠纷', '合同纠纷']","['商业', '合同', '纠纷', '合同纠纷']"
143,市场管理类,不正当竞争,B,区市场监管局,"['不', '正当', '竞争', '正当竞争']","['不', '正当', '竞争', '正当竞争']"
144,市场管理类,宾馆酒店收费,B,区商务局、区发改委,"['宾馆', '酒店', '宾馆酒店', '收费']","['宾馆', '酒店', '宾馆酒店', '收费']"
145,市场管理类,互联网文化,B,区文体旅广局,"['互联', '联网', '互联网', '文化']","['互联', '联网', '互联网', '文化']"
146,市场管理类,停车收费,B,街道、区发改委、区交通大队,"['停车', '收费']","['停课', '停产', '停机', '熄火', '泊车', '泊', '止血', '停手', '熄灯', '停贷', '止痛', '停学', '停电', 'Parking', '停水', '停航', '停办', '停车', '停刊', '停薪', '停建', '停工', '停赛', '收贷', '收费', '收款']"
147,市场管理类,网络交易,B,区市场监管局,"['网络', '交易']","['网子', '网络', '发网', '纱', '网', '大网', '罗网', '络', '台网', '交易', 'Transaction', '贸', '互市', '贸易', '交换', '生意', '买卖', '市']"
148,市场管理类,直销传销,B,区市场监管局、区公安分局,"['直销', '传销']","['直销', '传销']"
149,市场管理类,广告,B,区市场监管局,['广告'],"['海报', '广告辞', '广告']"
150,市场管理类,商标,B,区市场监管局,['商标'],"['岸标', '调号', '牌', '路标', '标记', '会标', '界标', '灯标', '警标', '招牌', '代号', '商标法', '光标', '导标', '风向标', '牌号', '牌子', '浮标', '航标', '商标']"
151,市场管理类,营业执照注册登记,B,区市场监管局,"['营业', '执照', '营业执照', '注册', '登记']","['运营', '营业', '条款', 'licence', '证照', 'license', '照', '授权', '协议', '执照', '(法律)', '许可证', '牌照', '发证', '发牌', '特许', '许可', '车照', '凭照', '营业执照', '护照', '牌照', '无证无照', '报', '挂号', '注册', '登记', '报了名', '报', '挂号', '注册', '登记', '报了名']"
152,市场管理类,市场经营行为,B,区市场监管局,"['市场', '经营', '行为']","['市场', '经营', '行为']"
153,市场管理类,国税税收,B,区税务局,"['国税', '税收']","['国税', '税收']"
154,市场管理类,金融服务收费问题,B,区金融局,"['金融', '服务', '金融服务', '收费']","['金融', '经济', '财经', '劳动', '劳', '服务', '劳务', '收贷', '收费', '收款']"
155,市场管理类,非法设立集贸市场、商场、超市,B,区市场监管局,"['非法', '设立', '集贸', '市场', '集贸市场', '商场', '超市']","['非法', '设立', '集贸', '市场', '集贸市场', '商场', '超市']"
156,市场管理类,地税税收,B,区税务局,"['地税', '税收']","['地税', '税收']"
157,市场管理类,对违规发布医疗广告的媒体监管问题,B,区卫健局,"['对', '违规', '发布', '医疗', '广告', '医疗广告', '媒体', '监管']","['对', '违规', '发布', '医疗', '广告', '医疗广告', '媒体', '监管']"
158,市场管理类,租屋业主知道或者应当知道属于假劣药品而为其提供保管、仓储等便利条件,B,区市场监管局、区公安分局,"['租屋', '业主', '知道', '或者', '应当', '知道', '属于', '假劣', '药品', '为', '其', '提供', '保管', '仓储', '便利', '条件']","['租屋', '业主', '知道', '或者', '应当', '知道', '属于', '假劣', '药品', '为', '其', '提供', '保管', '仓储', '便利', '条件']"
159,市场管理类,非法职介,B,区人力资源局,"['非法', '职介']","['野鸡', '无价值', '私自', '黑', '犯罪分子', '犯罪人', '罪犯', '罪', '非法定', '地下', '伪', '越轨', '刑事案件', '孽', '犯罪', '暗', '犯法', '非官方', '非法', '罪行', '私', '行为人', '犯人', '犯罪行为人', '不法', '婚介', '译介', '职介']"
160,市场管理类,为传销行为提供经营场所、培训场所、货源、保管、仓储等条件,B,街道、区市场监管局、区公安分局,"['为', '传销', '行为', '提供', '经营', '场所', '经营场所', '培训', '场所', '货源', '保管', '仓储', '条件']","['为', '传销', '行为', '提供', '经营', '场所', '经营场所', '培训', '场所', '货源', '保管', '仓储', '条件']"
161,市场管理类,涉嫌生产、加工、储存假冒伪劣产品,B,区市场监管局、区公安分局,"['涉嫌', '生产', '加工', '储存', '假冒', '伪劣', '假冒伪劣', '产品']","['涉嫌', '生产', '加工', '储存', '假冒', '伪劣', '假冒伪劣', '产品']"
162,市场管理类,加工假冒名牌产品,B,区市场监管局,"['加工', '假冒', '名牌', '产品', '名牌产品']","['加工', '假冒', '名牌', '产品', '名牌产品']"
163,教育管理类,中小学生入学资格问题,B,区教育局,"['中小', '小学', '学生', '中小学', '小学生', '中小学生', '入学', '资格']","['中小', '小学', '学生', '中小学', '小学生', '中小学生', '入学', '资格']"
164,教育管理类,行业教育,B,区教育局、区人力资源局,"['行业', '教育']","['正业', '行当', '业', '同行业', '本行', '行', '行业', '启蒙', '有教无类', '化雨春风', '春风化雨', '教诲', '育', '教养', '训迪', '教导', '教学', '感化', '施教', '诲', '耳提面命', '教育', '教化', '傅', '训诲', '教']"
165,教育管理类,教育收费,B,区教育局,"['教育', '收费']","['启蒙', '有教无类', '化雨春风', '春风化雨', '教诲', '育', '教养', '训迪', '教导', '教学', '感化', '施教', '诲', '耳提面命', '教育', '教化', '傅', '训诲', '教', '收贷', '收费', '收款']"
166,教育管理类,师德师风问题,B,区教育局,"['师德', '师风']","['商德', '军操', '私德', '仁义道德', '公德', '师德', '医德', '牌品', '职业道德', '艺德', '政德', '武德', '官风', '赛风', '译意风', '军风', '民风', '政风', '考风', '校风', '店风', '学风', '会风', '警风', '师风', '村风', '行风', '球风', '文风', '党风', '税风']"
167,教育管理类,违规办学,B,区教育局、区人力资源局,"['违规', '办学']","['违宪', '违例', '违规', '违心', '违纪', '办报', '办班', '办厂', '办证', '兴学', '办学']"
168,教育管理类,教师补贴问题,B,区教育局,"['教师', '补贴']","['老师', '先生', '师资', '导师', '讲师', '教员', '教育工作者', '民办教师', '教职员', 'Teacher', '师', '教职工', '教工', '名师', '师长', '良师', '园丁', '教师', '教书匠', '教育者', '补贴', '津贴', '贴']"
169,教育管理类,贫困学生求助,B,区教育局,"['贫困', '学生', '贫困学生', '求助']","['贫困', '学生', '贫困学生', '求助']"
170,教育管理类,校内安全问题,B,区教育局、区公安分局,"['校内', '安全']","['校内', '馆内', '人人网', '省内', '局内', '校内网', '安全', '高枕无忧', '安如泰山', '无恙', '安康', '平平安安', 'Safety', '一路平安', 'Maritime', '别来无恙', '海保', 'Coast', '安然', 'JCG', '平安', 'Guard', '海上保安厅', 'of', 'Japan', '安然无恙', '康宁', '日本海上保安厅', '安', '安好', 'Agency', '有惊无险']"
171,教育管理类,技工学校及社会职业培训问题,B,区人力资源局,"['技工', '工学', '学校', '技工学校', '社会', '职业', '培训', '职业培训']","['技工', '工学', '学校', '技工学校', '社会', '职业', '培训', '职业培训']"
172,教育管理类,其它教育管理问题,B,区教育局,['教育'],"['启蒙', '有教无类', '化雨春风', '春风化雨', '教诲', '育', '教养', '训迪', '教导', '教学', '感化', '施教', '诲', '耳提面命', '教育', '教化', '傅', '训诲', '教']"
173,教育管理类,学生补课问题,B,区教育局,"['学生', '补课']","['学习者', '生', '桃李', '学童', '学生妹', '学生', '女学生', '学员', '听课', '开课', '代课', '兼课', '备课', '补课']"
174,教育管理类,教育培训机构,B,区市场监管局、区教育局,"['教育', '培训', '机构']","['启蒙', '有教无类', '化雨春风', '春风化雨', '教诲', '育', '教养', '训迪', '教导', '教学', '感化', '施教', '诲', '耳提面命', '教育', '教化', '傅', '训诲', '教', '铸就', '培植', '培训', '树', '培育', '造', '培养', '扶植', '养', '培', '栽培', '造就', '塑造', '陶铸', '部门', '单位', '机构', '组织', '机关']"
175,教育管理类,幼儿教育问题,B,区教育局,"['幼儿', '教育', '幼儿教育']","['幼儿', '教育', '幼儿教育']"
176,教育管理类,校车问题,B,区教育局、区交通大队,['校车'],['校车']
177,教育管理类,校园周边环境,B,区教育局、区公安分局,"['校园', '周边', '环境', '周边环境']","['黉', '学', '院校', '院所', '母校', '学府', '学校', '学堂', '校', '校舍', '蜡像馆', '该校', '校园', '校园生活', '全校', '船坞', '校区', '大面积', '广阔', '周遍', '广泛', '大', '广大', '科普', '常见', '普遍', '周边', '泛', '大规模', '宽广', '漫无止境', '广', '宽泛', '条件', '环境']"
178,社会治安管理,其它社会治安管理问题,B,区公安分局,"['社会', '治安', '治安管理']","['聚居', '活动', '社会', '治污', '治学', '治安', '有警必接', '治蝗', '治校', '治标', '治乱', '治劣', '治厂']"
179,社会治安管理,精神障碍患者肇事肇祸,B,街道、区公安分局,"['精神', '障碍', '精神障碍', '患者', '肇事', '肇祸']","['精神', '障碍', '精神障碍', '患者', '肇事', '肇祸']"
180,社会治安管理,违规出租住房,B,区房管局,"['违规', '出租', '住房']","['违规', '出租', '住房']"
181,社会治安管理,万警进社区,B,区公安分局,"['万警', '社区', '进社区']","['万警', '社区', '进社区']"
182,社会治安管理,消防安全隐患,B,区消防大队,"['消防', '安全', '消防安全', '隐患']","['灭火', '防火', '防病', '防假', '消防', '防伪', '消防工作', '消灾防火', '安全', '高枕无忧', '安如泰山', '无恙', '安康', '平平安安', 'Safety', '一路平安', 'Maritime', '别来无恙', '海保', 'Coast', '安然', 'JCG', '平安', 'Guard', '海上保安厅', 'of', 'Japan', '安然无恙', '康宁', '日本海上保安厅', '安', '安好', 'Agency', '有惊无险', '隐患', '心腹之患']"
183,社会治安管理,户籍管理,B,区公安分局,"['户籍', '户籍管理']","['户籍', '户口']"
184,社会治安管理,外来人口管理与服务问题,B,区公安分局,"['外来', '人口', '外来人', '外来人口', '服务']","['旗', '西', '外路', '海', '胡', '洋', '番', '外来', '夷', '人口', '总人口', '人', '人手', '人丁', '人头', '人员', '家口', '人数', '丁', '口', 'Population', '食指', '外来人', '异乡人', '他乡人', '外族', '外地人', '外乡人', '外省人', '劳动', '劳', '服务', '劳务']"
185,社会治安管理,违反出入境管理规定问题,B,区公安分局,"['违反', '出入', '入境', '出入境', '规定']","['背离', '失', '背', '迕', '违拗', '违', '违背', '反其道而行之', '拂', '负', '背道而驰', '违反', '背弃', '千差万别', '别', '距离', '差异', '进出', '出入', '差距', '异样', '差别', '歧异', '区别', '反差', '入库', '入门', '入托', '入境', '入夜', '入室', '入场', '出入境', '规定', '确定', '规程']"
186,社会治安管理,管制刀具问题举报,B,区公安分局,"['管制', '刀具', '举报']","['军事管制', '治本', '田间管理', '保管', '管住', '管制', '管理', '刀具', '刃具', '上报', '汇报', '检举', '禀报', '申报', '上告', '告发', '举报', '告密', '报案', '层报', '呈报', '反馈', '揭发', '反映', '报告']"
187,社会治安管理,危爆物品管理问题举报,B,区公安分局、区应急管理局,"['危爆', '物品', '举报']","['东西', '物料', '品', '物品', '货物', '商品', '货', '上报', '汇报', '检举', '禀报', '申报', '上告', '告发', '举报', '告密', '报案', '层报', '呈报', '反馈', '揭发', '反映', '报告']"
188,社会治安管理,刑事事件,B,区公安分局,"['刑事', '事件']","['strafrecht', '刑事', 'case', '刑法', '判例法', '刑律', 'law', 'criminal', '事变', '轩然大波', '事件', '波', '风波']"
189,社会治安管理,群众求助,B,区公安分局,"['群众', '求助']","['万众', '千夫', '民众', '大众', '公众', '群众', '众生', '求救', '求援', '告急', '呼救', '求助', '乞援']"
190,社会治安管理,举报线索,B,区公安分局,"['举报', '线索', '举报线索']","['上报', '汇报', '检举', '禀报', '申报', '上告', '告发', '举报', '告密', '报案', '层报', '呈报', '反馈', '揭发', '反映', '报告', '端倪', '初见端倪', '眉目', '有眉目', '端绪', '线索', '头脑', '头绪']"
191,社会治安管理,治安问题,B,区公安分局,['治安'],"['治污', '治学', '治安', '有警必接', '治蝗', '治校', '治标', '治乱', '治劣', '治厂']"
192,社会治安管理,违反犬类管理,B,区公安分局,"['违反', '犬类']","['背离', '失', '背', '迕', '违拗', '违', '违背', '反其道而行之', '拂', '负', '背道而驰', '违反', '背弃']"
193,社会治安管理,特业管理问题举报,B,区公安分局,"['特业', '举报']","['特业', '上报', '汇报', '检举', '禀报', '申报', '上告', '告发', '举报', '告密', '报案', '层报', '呈报', '反馈', '揭发', '反映', '报告']"
194,社会治安管理,民事纠纷,B,街道、区司法局、区法院,"['民事', '纠纷', '民事纠纷']","['民事', '官事', '碴儿', '纠纷', '不和', '隙', '裂痕', '枝节', '隔膜', '冲突', '芥蒂', '争端', '失和', '疙瘩', '衅', '麻烦', '隔阂', '夙嫌', '嫌', '纠葛', '嫌隙']"
195,社会治安管理,法律援助,B,区司法局,"['法律', '援助', '法律援助']","['法律', '援助', '法律援助']"
196,社会治安管理,路倒人员处置,B,区民政局,"['路', '倒', '处置']","['路', '倒', '处置']"
197,社会治安管理,弃婴救助,B,区民政局,"['弃婴', '救助']","['弃婴', '救助']"
198,社会服务类,流浪乞讨人员管理,B,区民政局,"['流浪', '乞讨']","['流浪', '乞讨']"
199,社会服务类,其它社会服务问题,B,区民政局,"['社会', '服务']","['聚居', '活动', '社会', '劳动', '劳', '服务', '劳务']"
200,社会服务类,社会服务收费,B,区民政局,"['社会', '服务', '收费']","['聚居', '活动', '社会', '劳动', '劳', '服务', '劳务', '收贷', '收费', '收款']"
201,社会服务类,司法鉴定问题,B,区司法局,"['司法', '鉴定', '司法鉴定']","['司法', '鉴定', '司法鉴定']"
202,社会服务类,作风建设,B,街道、区纪监委,"['作风', '建设']","['派头', '气派', '作派', '标格', '品格', '风格', '官气', '架子', '风骨', '作风', '主义', '气', '建设', '振兴', '工地', '建起', '重振', '建成', '建章立制', '建筑工地', '建筑施工', '建交']"
203,社会服务类,乱收费,B,区发改委,"['乱收', '收费', '乱收费']","['收贷', '收费', '收款']"
204,社会服务类,基层法律服务,B,区司法局,"['基层', '法律', '服务']","['阶层', '草根阶层', '下层', '下层阶级', '基层', '草根', '草根组织', '上层', '中层', '草根运动', '法例', '法规', '律', '法律', '风俗习惯', '法网', '刑名', '法度', '社会规范', '伦理道德', '规则', '法', '王法', '劳动', '劳', '服务', '劳务']"
205,社会服务类,遗产纠纷,B,区法院,"['遗产', '纠纷']","['遗产', '私财', '逆产', '公产', '祖产', '财富', '私产', '宝藏', '公财', '碴儿', '纠纷', '不和', '隙', '裂痕', '枝节', '隔膜', '冲突', '芥蒂', '争端', '失和', '疙瘩', '衅', '麻烦', '隔阂', '夙嫌', '嫌', '纠葛', '嫌隙']"
206,社会服务类,民事法律,B,区法院,"['民事', '法律', '民事法律']","['民事', '官事', '法例', '法规', '律', '法律', '风俗习惯', '法网', '刑名', '法度', '社会规范', '伦理道德', '规则', '法', '王法']"
207,社会服务类,蜂窝煤问题,B,街道、区城管执法局,"['蜂窝', '蜂窝煤']","['蜂窝', '蜂房', '蜂巢', '煤砖', '蜂窝煤']"
208,社会服务类,资源价格管理,B,区发改委,"['资源', '价格']","['资源', '价格']"
209,社会服务类,残疾人按比例就业,B,区残联、街道,"['残疾', '残疾人', '按', '比例', '就业']","['残疾', '残疾人', '按', '比例', '就业']"
210,社会服务类,刑事法律,B,区法院,"['刑事', '法律', '刑事法', '刑事法律']","['strafrecht', '刑事', 'case', '刑法', '判例法', '刑律', 'law', 'criminal', '法例', '法规', '律', '法律', '风俗习惯', '法网', '刑名', '法度', '社会规范', '伦理道德', '规则', '法', '王法']"
211,社会服务类,诉讼程序,B,区法院,"['诉讼', '程序']","['词讼', '诉讼', '辞讼', '打官司', '讼', '起诉', '顺序', '次', '第', '主次', '次序', '序', '次第', '先后', '先来后到', '程序']"
212,社会服务类,离婚投诉,B,区民政局,"['离婚', '投诉']","['离异', '离', '离婚', '反诉', '主控', '行政诉讼', '申诉', '追诉', '投诉', '公诉', '自诉', '起诉']"
213,社会服务类,青少年法律维权,B,区司法局,"['青少', '少年', '青少年', '法律', '维权']","['苗', '少年', '未成年人', '豆蔻年华', '妙龄', '少年人', '未成年', '年幼', '苗子', '后生', '青年', '初生之犊', '小伙子', '小青年', '年轻人', '青少年', '子弟', '年青人', '青年人', '小伙', '弟子', '法例', '法规', '律', '法律', '风俗习惯', '法网', '刑名', '法度', '社会规范', '伦理道德', '规则', '法', '王法']"
214,社会服务类,青少年心理咨询,B,街道,"['青少', '少年', '青少年', '心理', '咨询', '心理咨询']","['青少', '少年', '青少年', '心理', '咨询', '心理咨询']"
215,社会服务类,青少年团务服务,B,团区委,"['青少', '少年', '青少年', '团务', '服务']","['苗', '少年', '未成年人', '豆蔻年华', '妙龄', '少年人', '未成年', '年幼', '苗子', '后生', '青年', '初生之犊', '小伙子', '小青年', '年轻人', '青少年', '子弟', '年青人', '青年人', '小伙', '弟子', '劳动', '劳', '服务', '劳务']"
216,社会服务类,青少年助学帮困,B,区民政局,"['青少', '少年', '青少年', '助学', '帮困']","['青少', '少年', '青少年', '助学', '帮困']"
217,社会服务类,青年志愿服务,B,街道,"['青年', '志愿', '服务']","['青年', '初生之犊', '花季', '小伙子', '黄金时代', '小青年', '青年人', '华年', '年轻人', '韶光', '妙龄', '青春', '年青人', '后生', '青少年', '子弟', '年青', '韶华', '小伙', '弟子', '两相情愿', '自觉', '自愿', '志', '愿者上钩', '乐得', '志愿', '自觉自愿', '劳动', '劳', '服务', '劳务']"
218,社会服务类,青年创业指导,B,街道,"['青年', '创业', '指导']","['青年', '初生之犊', '花季', '小伙子', '黄金时代', '小青年', '青年人', '华年', '年轻人', '韶光', '妙龄', '青春', '年青人', '后生', '青少年', '子弟', '年青', '韶华', '小伙', '弟子', '创业', '创牌子', '创编', '创刊', '初创企业', '创业公司', '初创公司', 'Entrepreneurship', '点化', '指', '指点', '点', '点拨', '指导']"
219,社会服务类,宗教事务,B,区民宗委,"['宗教', '事务', '宗教事务']","['宗教', '教', '宗教信仰', '宗教活动', '事儿', '碴儿', '业务', '事体', '政工', '作业', '事宜', '事务', '事', '务', '事情', '政', '工作']"
220,社会服务类,政府网站问题,B,区信息中心,"['政府', '网站']","['政府', '网站']"
221,社会服务类,公租房申请问题,B,街道、区房地公司,"['公', '租房', '申请']","['公', '租房', '申请']"
222,社会服务类,投诉电话方面的问题,B,区网格化指挥中心,"['投诉', '电话', '方面']","['反诉', '主控', '行政诉讼', '申诉', '追诉', '投诉', '公诉', '自诉', '起诉', '有线电话', '全球通', 'Telefono', '打电话', '话机', '对讲机', '公用电话', '机子', '电话', 'Telefon', '电话机', '者', '地方', '面', '上面', '方位', '向', '方面', '方向', '方', '点', '上头', '端']"
223,社会服务类,社区建设,B,街道、社区,"['社区', '建设']","['社区', '建设']"
224,社会服务类,殡葬管理与服务,B,区民政局,"['殡葬', '服务']","['发送', '出殡', '殡葬', '劳动', '劳', '服务', '劳务']"
225,社会服务类,困难人群救助,B,区民政局,"['困难', '人群', '救助']","['困难', '人群', '救助']"
226,社会服务类,工会服务卡,B,区总工会,"['工会', '服务', '服务卡']","['工会', '服务', '服务卡']"
227,社会服务类,青少年服务,B,街道、区民政局,"['青少', '少年', '青少年', '服务']","['苗', '少年', '未成年人', '豆蔻年华', '妙龄', '少年人', '未成年', '年幼', '苗子', '后生', '青年', '初生之犊', '小伙子', '小青年', '年轻人', '青少年', '子弟', '年青人', '青年人', '小伙', '弟子', '劳动', '劳', '服务', '劳务']"
228,三农问题,宠物纠纷,B,区市场监管局,"['宠物', '纠纷']","['宠', '宠物', '碴儿', '纠纷', '不和', '隙', '裂痕', '枝节', '隔膜', '冲突', '芥蒂', '争端', '失和', '疙瘩', '衅', '麻烦', '隔阂', '夙嫌', '嫌', '纠葛', '嫌隙']"
229,三农问题,渔业渔政,B,区市场监管局,"['渔业', '渔政']","['渔业', '渔政']"
230,三农问题,河道采砂问题,B,区水务局,"['河道', '采砂']","['河道', '江河', '溪流', '河流', '主河道', '河川', '河槽', '河身', '小溪', '蜀', '黄河', '溪', '大江', '川', '下游', '四川', '四川省', '河', '河水', '河床', '长江', '江', '采油', '采煤', '采石', '采砂']"
231,三农问题,农药肥料,B,区市场监管局,"['农药', '肥料']","['成药', '内服药', '新药', '镇静药', '眼药', '该药', '藏药', '疯药', '藏医药', '眼药水', '生药', '杀虫药', '急救药', '麻醉药', '名药', '假药', '中成药', '名医药', '纯中药', '怀药', '仙丹', '感冒药', '止痛药', '良药', '农药', '中西药', '退热药', '泻药', '末药', '西药', '灵药', '狗皮膏药', '医药', '凉药', '肥料', '肥', '化肥']"
232,三农问题,饲料质量安全,B,区市场监管局,"['饲料', '质量', '安全']","['饲料', '质量', '安全']"
233,三农问题,扶贫问题,B,区扶贫办,['扶贫'],"['扶贫', '慷慨解囊', '济困', '施舍', '济贫', '仗义疏财', '帮贫济困', '帮困', '接济', '救济', '扶贫帮困', '扶贫济困', '杀富济贫', '扶贫助困', '解囊相助', '助困', '济', '济困扶危', '周济', '解困扶贫', '助人为乐']"
234,三农问题,动物检疫,B,区市场监管局,"['动物', '检疫']","['动物群', '微生物', '植物', '百兽', '动物界', '动物', '众生', 'Animal', '检疫']"
235,三农问题,植物检疫,B,区市场监管局,"['植物', '检疫', '植物检疫']","['therophyte', '植物界', '多年草', '植被', '一年生草本', '白蝶花', '微生物', '白桃花', '多年生草本', '多年生', '玉蝶花', '千鸟花', '植物', '白蝶草', '动物', '山桃草', '多年生植物', '一年生植物', '绿色植物', '宿根草', '检疫']"
236,三农问题,移民问题,B,区公安分局,['移民'],"['寓公', '移民']"
237,三农问题,医政药政,B,区卫健局,['医政药政'],['医政药政']
238,三农问题,野生动物,B,区市场监管局、区公安分局,"['野生', '生动', '动物', '野生动物']","['野生', '孳生', '陆生', '内寄生', '水生', '胎生', '令人神往', '跃然纸上', '潇洒', '绘影绘声', '情真词切', '生动', '活', '娓娓动听', '活泼', '声情并茂', '绘声绘影', '活跃', '图文并茂', '穷形尽相', '声泪俱下', '绘声绘色', '有声有色', '飘洒', '呼之欲出', '有血有肉', '鲜活', '颊上添毫', '栩栩如生', '动物群', '微生物', '植物', '百兽', '动物界', '动物', '众生', 'Animal', '野生动物']"
239,公共设施维护管理,指示牌破损,B,街道,"['指示', '指示牌', '破损']","['训令', '训', '训示', '指示', '谕', '训话', '训词', '指令', '指示牌', '破败', '褴褛', '麻花', '敝', '破烂儿', '烂乎乎', '破烂不堪', '破烂', '破绽', '破', '千疮百孔', '烂', '破碎', '百孔千疮', '破破烂烂', '破损', '败', '破相']"
240,公共设施维护管理,立杆破损,B,街道,"['立杆', '破损']","['破败', '褴褛', '麻花', '敝', '破烂儿', '烂乎乎', '破烂不堪', '破烂', '破绽', '破', '千疮百孔', '烂', '破碎', '百孔千疮', '破破烂烂', '破损', '败', '破相']"
241,公共设施维护管理,景观灯破损,B,街道,"['景观', '景观灯', '破损']","['景色', '青山绿水', '风景', '风物', '景观', '山色', '风光', '景致', '景点', '光景', '山山水水', '景', '色', '风月', '山光水色', '盛景', '山水', '景物', '破败', '褴褛', '麻花', '敝', '破烂儿', '烂乎乎', '破烂不堪', '破烂', '破绽', '破', '千疮百孔', '烂', '破碎', '百孔千疮', '破破烂烂', '破损', '败', '破相']"
242,公共设施维护管理,健身设施破损,B,街道,"['健身', '设施', '破损']","['体能锻鍊', '健身', '体能锻炼', '健美', '健美运动', '体适能训练', 'exercise', '体能训练', 'Training', '健体', 'Physical', '强身', '设施', '装具', '装置', '配备', '装备', '设备', '破败', '褴褛', '麻花', '敝', '破烂儿', '烂乎乎', '破烂不堪', '破烂', '破绽', '破', '千疮百孔', '烂', '破碎', '百孔千疮', '破破烂烂', '破损', '败', '破相']"
243,公共设施维护管理,停车场破损,B,街道,"['停车', '车场', '停车场', '破损']","['停车', '车场', '停车场', '破损']"
244,公共设施维护管理,排水设施损坏,B,区水务局,"['排水', '设施', '损坏']","['排水', '设施', '损坏']"
245,公共设施维护管理,其它公共设施维护管理问题,B,区城管执法局,"['公共', '设施', '公共设施', '维护']","['官', '公家', '集体', '国有', '公物', '公共', '大我', '共用', '公', '公私', '设施', '装具', '装置', '配备', '装备', '设备', '城市基础设施', '公共设施', '基础设施', '保障', '掩护', '卫护', '护卫', '护', '保护', '保安', '维护']"
246,公共设施维护管理,限高架破损,B,区城管执法局,"['限', '高架', '破损']","['限', '高架', '破损']"
247,公共设施维护管理,交通护栏维护,B,区交通大队、区城管执法局,"['交通', '护栏', '维护']","['通讯员', '畅行无阻', '风里来雨里去', '通行无阻', '通达', '四通八达', '畅通', '交通', '通畅', '无阻', '通', '直通', '畅通无阻', '畅达', '风雨无阻', '畅行', '通行', '交通员', '凭栏', '栅栏', '石栏', '铁栏杆', '扶手', '围栏', '护栏', '杖子', '栏', '桥栏', '篱笆', '保障', '掩护', '卫护', '护卫', '护', '保护', '保安', '维护']"
248,公共设施维护管理,供水设施漏水问题（二次供水）,B,街道,"['供水', '设施', '漏水', '二次', '供水']","['供气', '供水', '供电', '供货', '供热', '供油', '供种', '设施', '装具', '装置', '配备', '装备', '设备', '渗水', '漏水', '渗出', '供气', '供水', '供电', '供货', '供热', '供油', '供种']"
249,公共设施维护管理,供水设施故障问题（二次供水）,B,街道,"['供水', '设施', '故障', '二次', '供水']","['供气', '供水', '供电', '供货', '供热', '供油', '供种', '设施', '装具', '装置', '配备', '装备', '设备', '电力系统故障', '故障电流', '电力系统', '故障', '供气', '供水', '供电', '供货', '供热', '供油', '供种']"
250,公共设施维护管理,水利设施,B,区水务局,"['水利', '设施']","['水利', '水工', '河工', '水利工程', '设施', '装具', '装置', '配备', '装备', '设备']"
251,公共设施维护管理,上水井盖缺损,B,区水务局,"['上', '水井', '盖', '缺损']","['上', '水井', '盖', '缺损']"
252,公共设施维护管理,污水井盖缺损,B,区水务局,"['污水', '井盖', '缺损']","['污水', '井盖', '缺损']"
253,公共设施维护管理,雨水井盖缺损,B,区水务局,"['雨水', '井盖', '缺损']","['雨水', '井盖', '缺损']"
254,公共设施维护管理,雨水算子缺损,B,区水务局,"['雨水', '算子', '缺损']","['雨水', '算子', '缺损']"
255,公共设施维护管理,路灯井盖缺损,B,区城管执法局,"['路灯', '井盖', '缺损']","['路灯', '井盖', '缺损']"
256,公共设施维护管理,公安设施沟槽井盖缺损,B,区公安分局,"['公安', '设施', '沟槽', '井盖', '缺损']","['公安', '设施', '装具', '装置', '配备', '装备', '设备', '水道', '地沟', '渠道', '渡槽', '垄沟', '沟渠', '沟槽', '水渠', '渠', '沟', '亏空', '空', '拖欠', '亏欠', '缺损', '亏累']"
257,公共设施维护管理,特殊井盖缺损,B,街道,"['特殊', '井盖', '缺损']","['特殊', '井盖', '缺损']"
258,公共设施维护管理,无主井盖缺损,B,街道,"['无', '主', '井盖', '缺损']","['无', '主', '井盖', '缺损']"
259,公共设施维护管理,消防设施,B,区消防大队,"['消防', '设施', '消防设施']","['灭火', '防火', '防病', '防假', '消防', '防伪', '消防工作', '消灾防火', '设施', '装具', '装置', '配备', '装备', '设备']"
260,公共设施维护管理,路灯破损,B,区城管执法局,"['路灯', '破损']","['路灯', '破损']"
261,公共设施维护管理,交通信号设施破损,B,区交通大队,"['交通', '通信', '信号', '交通信号', '设施', '破损']","['交通', '通信', '信号', '交通信号', '设施', '破损']"
262,突发事件,道路积水,B,区水务局,"['道路', '积水']","['路途', '道路', '马路', '蹊', '征程', '路', '道', '通衢', '路径', '途', '程', '衢', '馗', '途程', '征途', '径', '积水', '沥水']"
263,突发事件,火灾事故,B,区消防大队,"['火灾', '事故', '火灾事故']","['火警', '火灾', '问题', '意外', '事端', '事', '故', '意外事故', '事故', '岔子']"
264,突发事件,路面塌陷,B,区城管执法局,"['路面', '塌陷']","['河面', '屋面', '抛物面', '地面', '洋面', '海面', '海水面', '湖面', '水面', '冰面', '扇面', '叶面', '单面', '路面', '桥面', '凹陷', '陷落', '塌陷', '陷', '穹形']"
265,突发事件,道路积雪结冰,B,区城管执法局,"['道路', '积雪', '结冰']","['路途', '道路', '马路', '蹊', '征程', '路', '道', '通衢', '路径', '途', '程', '衢', '馗', '途程', '征途', '径', '盐粒', '盐类', '鹾', '氯化钠', '盐', '盐巴', '食盐', '积雪', '结冰', '凝冻', '冻结', '冷冻', '上冻', '冰冻', '冻', '封冻', '冷凝']"
266,突发事件,架空线缆损坏,B,街道,"['架空', '线缆', '损坏']","['架空', '线缆', '损坏']"
267,突发事件,集体预防接种不良反应,B,区卫健局,"['集体', '预防', '接种', '预防接种', '不良', '反应', '不良反应']","['集体', '预防', '接种', '预防接种', '不良', '反应', '不良反应']"
268,建设管理类,工程质量问题,B,区建管站,"['工程', '质量', '工程质量']","['工事', '工程', '工', '成色', '质量', '品质', '质地', '质', '色', '身分', '质素', '重量']"
269,建设管理类,工地周边问题,B,区城管执法局、区建管站,"['工地', '周边']","['工地', '周边']"
270,建设管理类,其它建设管理问题,B,区建委,['建设'],"['建设', '振兴', '工地', '建起', '重振', '建成', '建章立制', '建筑工地', '建筑施工', '建交']"
271,建设管理类,施工废弃料,B,街道,"['施工', '废弃', '料']","['施工', '废弃', '料']"
272,建设管理类,工地管理问题,B,区建管站,['工地'],['工地']
273,建设管理类,工地扬尘,B,街道,"['工地', '扬尘']","['工地', '扬尘']"
274,园林绿化类,古树名木认定,B,区文体旅广局,"['古树', '树名', '古树名', '木', '认定']","['原木', '麻木不仁', '花木', '木部', '树', '木板', '酥麻', '麻木', '棺材', '棺木', '朩', '麻酥酥', '椽', '棺', '棺椁', '木料', '麻痹', '材', '不仁', '树木', '木材', '木质', '小树', '大树', '发麻', '参天大树', '木头', '榇', '麻', '木', '认定', '肯定', '认可', '确认']"
275,园林绿化类,行道树损坏,B,区城管执法局,"['行道', '行道树', '损坏']","['伴生树', '行道树', '败坏', '毁', '摔', '破坏', '糟蹋', '弄坏', '毁坏', '坏', '磨损', '毁伤', '损坏', '毁损', '毁掉']"
276,园林绿化类,雕塑破损,B,区城管执法局,"['雕塑', '破损']","['雕刻', '透雕', '篆刻', '版刻', '雕塑', '木刻', '蚀刻', '破败', '褴褛', '麻花', '敝', '破烂儿', '烂乎乎', '破烂不堪', '破烂', '破绽', '破', '千疮百孔', '烂', '破碎', '百孔千疮', '破破烂烂', '破损', '败', '破相']"
277,园林绿化类,街头坐椅破损,B,区城管执法局,"['街头', '坐椅', '破损']","['街头', '坐椅', '破损']"
278,园林绿化类,绿地护栏破损,B,区城管执法局,"['绿地', '护栏', '破损']","['绿地', '护栏', '破损']"
279,园林绿化类,绿地维护设施,B,区城管执法局,"['绿地', '维护', '设施']","['绿地', '维护', '设施']"
280,园林绿化类,死、斜、危、倒树问题,B,街道,"['死', '斜', '危', '倒树']","['死', '斜', '危', '倒树']"
281,园林绿化类,树木病虫害,B,区城管执法局,"['树木', '病虫', '虫害', '病虫害']","['树木', '病虫', '虫害', '病虫害']"
282,园林绿化类,损坏树木,B,街道,"['损坏', '树木']","['败坏', '毁', '摔', '破坏', '糟蹋', '弄坏', '毁坏', '坏', '磨损', '毁伤', '损坏', '毁损', '毁掉', '木', '花木', '参天大树', '树', '椽', '小树', '树木', 'Tree', '大树']"
283,园林绿化类,公园、绿化广场管理问题,B,区城管执法局,"['公园', '绿化', '广场']","['公园', '绿化', '广场']"
284,园林绿化类,毁绿占绿,B,街道,"['毁绿', '占', '绿']","['毁绿', '占', '绿']"
285,园林绿化类,其它园林绿化问题,B,区城管执法局,"['园林', '绿化', '园林绿化']","['园林', '绿化', '园林绿化']"
286,园林绿化类,小区绿化问题,B,街道,"['小区', '绿化']","['小区', '绿化']"
287,交通管理类,违章停车,B,区交通大队,"['违章', '停车']","['犯禁', '犯规', '违章', '违禁', '停课', '停产', '停机', '熄火', '泊车', '泊', '止血', '停手', '熄灯', '停贷', '止痛', '停学', '停电', 'Parking', '停水', '停航', '停办', '停车', '停刊', '停薪', '停建', '停工', '停赛']"
288,交通管理类,其它公共交通管理问题,B,区交通大队,"['公共', '交通', '交通管理']","['官', '公家', '集体', '国有', '公物', '公共', '大我', '共用', '公', '公私', '通讯员', '畅行无阻', '风里来雨里去', '通行无阻', '通达', '四通八达', '畅通', '交通', '通畅', '无阻', '通', '直通', '畅通无阻', '畅达', '风雨无阻', '畅行', '通行', '交通员']"
289,交通管理类,拥堵点,B,区交通大队,"['拥堵', '点']","['拥堵', '点']"
290,交通管理类,违法运输危险品,B,区应急管理局、区交通大队,"['违法', '运输', '危险', '危险品']","['违法', '运输', '危险', '危险品']"
291,交通管理类,网约车管理,B,区城管执法局,['网约车'],['网约车']
292,交通管理类,车辆及驾驶员管理问题,B,区交通大队,"['车辆', '驾驶', '驾驶员']","['载具', '载运工具', '运输工具', '轸', '舆', '交通工具', '车子', '车辆', '车', '驾', '自动驾驶', '开车', '列车驾驶', '自动驾驶仪', '驾车', '手动驾驶', '船舶驾驶', '虚拟驾驶', '机动车驾驶', '驾驭', '火车司机', '航空器驾驶', '开', '真实驾驶', '驾驶', '其它驾驶', '的哥', '驾驶人', '驾驶者', '驼员', '驾驶员', '车手', '司机', '机手']"
293,交通管理类,电动车管理,B,区交通大队,"['电动', '动车', '电动车']","['电动', '动车', '电动车']"
294,交通管理类,交通事故处理,B,区交通大队,"['交通', '通事', '事故', '交通事故', '处理']","['交通', '通事', '事故', '交通事故', '处理']"
295,交通管理类,交通违法处理,B,区交通大队,"['交通', '违法', '处理']","['交通', '违法', '处理']"
296,交通管理类,货车管理,B,区交通大队,['货车'],['货车']
297,交通管理类,机动车及其他车辆监管,B,区交通大队,"['机动', '动车', '机动车', '及其', '他', '车辆', '监管']","['机动', '动车', '机动车', '及其', '他', '车辆', '监管']"
298,交通管理类,道路施救收费,B,区交通大队、区发改委,"['道路', '施救', '收费']","['道路', '施救', '收费']"
299,交通管理类,交通逃逸,B,区交通大队,"['交通', '逃逸']","['交通', '逃逸']"
300,交通管理类,出租车管理,B,区城管执法局,"['出租', '租车', '出租车']","['出租', '租车', '出租车']"
301,交通管理类,交通秩序管理,B,区交通大队,"['交通', '秩序', '交通秩序']","['通讯员', '畅行无阻', '风里来雨里去', '通行无阻', '通达', '四通八达', '畅通', '交通', '通畅', '无阻', '通', '直通', '畅通无阻', '畅达', '风雨无阻', '畅行', '通行', '交通员', '秩序']"
302,交通管理类,车辆营运管理,B,区城管执法局,"['车辆', '营运']","['载具', '载运工具', '运输工具', '轸', '舆', '交通工具', '车子', '车辆', '车', '调运', '转运', '营运', '抢运', '偷运', '联运', '清运', '客运', '货运', '装运', '春运', '快运', '储运', '贮运', '贩运', '托运', '倒运']"
303,交通管理类,乘车遗失物品,B,区城管执法局,"['乘车', '遗失', '物品']","['乘车', '乘坐', '乘船', '搭车', '打车', '坐船', '打的', '乘机', '遗失', '丢掉', '丢失', '不见', '不翼而飞', '散失', '掉', '有失', '遗落', '少', '丢', '东西', '物料', '品', '物品', '货物', '商品', '货']"
304,交通管理类,共享单车管理,B,区城管执法局,"['共享', '单车']","['分享', '分时度假', '时段', '共同分享', '共享', '自由车', '脚踏车', '单车', '自行车', '车子', '铁马']"
305,纪检监察,滥用职权,B,街道、区纪监委,"['滥用', '职权', '滥用职权']","['盲用', '选用', '惯用', '试用', '急用', '常用', '配用', '合同', '洋为中用', '矿用', '连用', '御用', '可用', '商用', '用报', '启用', '调用', '盗用', '通用', '实用', '习用', '综合利用', '公用', '代用', '并用', '用字', '留用', '租用', '误用', '征用', '滥用', '适用', '备用', '古为今用', '军用', '建管用', '事权', '职权']"
306,纪检监察,贪污贿赂,B,街道、区纪监委,"['贪污', '贿赂', '贪污贿赂']","['贪污', '公贿', '贿选', '贿买', '受贿', '受贿罪', '行贿', '收买', '贿赂', '赂', '打点', '买通', '贿金', '贿']"
307,纪检监察,失职渎职,B,街道、区纪监委,"['失职', '渎职']","['失职', '渎职', '玩忽职守', '失职', '渎职', '玩忽职守']"
308,纪检监察,干部作风,B,街道、区纪监委,"['干部', '作风', '干部作风']","['职员', '员司', '机关部', '高干', '干部', '老干部', '派头', '气派', '作派', '标格', '品格', '风格', '官气', '架子', '风骨', '作风', '主义', '气']"
309,纪检监察,党员组织关系转接,B,街道,"['党员', '组织', '关系', '组织关系', '转接']","['党员', '组织', '关系', '组织关系', '转接']"
310,纪检监察,生态环境污染问题,B,区环保局,"['生态', '环境', '污染', '环境污染问题']","['硬环境', '软环境', '?kologie', '生态学', '自然环境', '生态', '条件', '环境', '恶浊', '招', '脏乱', '水污染', '污染', '浑浊', '浊', '邋遢', '脏', '脏乱差', '秽', '龌龊', '污秽', '污', '滓', '染', '污迹', '传染', '传', '污浊', '脏乎乎', '肮脏', '印迹']"
311,营商环境,土地流转,B,区房管局、区规土分局,"['土地', '流转']","['土地', '流转']"
312,营商环境,招商引资政策咨询,B,街道,"['招商', '引资', '招商引资', '政策', '咨询']","['招商', '招标', '引资', '招商引资', '策', '政策', '同化政策', '国策', '策略', '方针', '问问', '问', '询', '叩', '问话', '诹', '提问', '问讯', '咨询', '发问', '叩问', '訾', '讯问']"
313,营商环境,房屋租赁及产权问题,B,区房管局,"['房屋', '租赁', '产权']","['房屋', '租赁', '产权']"
314,营商环境,物业管理纠纷,B,区房管局,"['物业', '物业管理', '纠纷']","['碴儿', '纠纷', '不和', '隙', '裂痕', '枝节', '隔膜', '冲突', '芥蒂', '争端', '失和', '疙瘩', '衅', '麻烦', '隔阂', '夙嫌', '嫌', '纠葛', '嫌隙']"
315,营商环境,房屋场地租金支付,B,区房管局,"['房屋', '场地', '租金', '支付']","['房屋', '场地', '租金', '支付']"
316,营商环境,产业园建设规划问题,B,区房管局、区规土分局,"['产业', '产业园', '建设', '规划']","['产业', '产业园', '建设', '规划']"
317,营商环境,房产交易登记,B,区行政审批局,"['房产', '交易', '房产交易', '登记']","['田产', '房产', '林产', '地产', '固定资产', '不动产', '动产', '房地产', '交易', 'Transaction', '贸', '互市', '贸易', '交换', '生意', '买卖', '市', '报', '挂号', '注册', '登记', '报了名']"
318,营商环境,经营项目审批,B,区行政审批局,"['经营', '项目', '经营项目', '审批']","['经营', '项目', '经营项目', '审批']"
319,营商环境,营业执照注册登记,B,区行政审批局,"['营业', '执照', '营业执照', '注册', '登记']","['运营', '营业', '条款', 'licence', '证照', 'license', '照', '授权', '协议', '执照', '(法律)', '许可证', '牌照', '发证', '发牌', '特许', '许可', '车照', '凭照', '营业执照', '护照', '牌照', '无证无照', '报', '挂号', '注册', '登记', '报了名', '报', '挂号', '注册', '登记', '报了名']"
320,营商环境,法律咨询服务,B,区司法局,"['法律', '咨询', '服务', '咨询服务']","['法例', '法规', '律', '法律', '风俗习惯', '法网', '刑名', '法度', '社会规范', '伦理道德', '规则', '法', '王法', '问问', '问', '询', '叩', '问话', '诹', '提问', '问讯', '咨询', '发问', '叩问', '訾', '讯问', '劳动', '劳', '服务', '劳务']"
321,营商环境,司法仲裁,B,区司法局,"['司法', '仲裁']","['司法', '仲裁']"
322,营商环境,司法调解,B,区司法局,"['司法', '调解']","['司法', '调解']"
323,营商环境,人事劳动关系,B,区人力资源局,"['人事', '劳动', '关系']","['人事', '劳动', '关系']"
324,营商环境,工程建设项目报建,B,区行政审批局、区规土分局,"['工程', '建设', '项目', '建设项目', '报建']","['工程', '建设', '项目', '建设项目', '报建']"
325,营商环境,施工工地周边问题,B,街道,"['施工', '工地', '周边']","['施工', '工地', '周边']"
326,营商环境,重大安全生产事故,B,区安监局,"['重大', '安全', '生产', '事故']","['重大', '安全', '生产', '事故']"
327,营商环境,税收问题,B,区税务局,['税收'],"['税款', '税', '税负', '捐税', '捐', '税利', '税捐', '租税', '花消', '税收', '税赋', '课', '税务', '税金']"
328,城市市容管理类,生态保护区环境污染问题,C,区环保局,"['生态', '保护', '保护区', '环境', '污染', '环境污染问题']","['生态', '保护', '保护区', '环境', '污染', '环境污染问题']"
329,城市市容管理类,机动车尾气问题,C,区环保局,"['机动', '动车', '机动车', '尾气']","['机动', '动车', '机动车', '尾气']"
330,城市市容管理类,大气污染,C,区环保局,"['大气', '污染', '大气污染']","['大气', '污染', '大气污染']"
331,安全生产管理类,重大安全生产事故,C,区应急管理局,"['重大', '安全', '生产', '事故']","['重大', '安全', '生产', '事故']"
332,市场管理类,演出,C,区文体旅游局,['演出'],"['戏剧', '献技', '献艺', '演艺', '卖艺', '戏', '演戏', '演', '公演', '表演', '演出', '上演']"
333,市场管理类,新闻活动,C,区文体旅游局,"['新闻', '活动']","['新闻', '活动']"
334,社会治安管理,强制戒毒问题,C,区公安分局,"['强制', '戒毒']","['胁持', '强制教育', '免费教育', '免费', '义务教育', '强制', '劫持', '挟制', '普遍', '挟持', '要挟', '裹胁', '普遍教育', '禁吸戒毒', '戒毒', '戒烟']"
335,突发事件,群发性事件,C,区应急管理局,"['群发', '性', '事件']","['配发', '增发', '卷发', '刊发', '府发', '政发', '高发', '多发', '乱发', '群发', '代发', '性情', '性气', '禀性', '总体性', '性', '特性', '通性', '性别', '人性', '机械性能', '属性', '性子', '性格', '气性', '秉性', '性质', '性能', '性灵', '心性', '习性', '脾性', '脾气', '事变', '轩然大波', '事件', '波', '风波']"
336,突发事件,突发重大事故伤亡,C,区应急管理局,"['突发', '重大', '大事', '事故', '重大事故', '伤亡']","['突发', '重大', '大事', '事故', '重大事故', '伤亡']"
337,突发事件,重大危险源突发事故,C,区应急管理局,"['重大', '危险', '危险源', '突发', '事故']","['重大', '危险', '危险源', '突发', '事故']"
338,突发事件,其它重大突发事件,C,区应急管理局,"['重大', '突发', '事件', '突发事件']","['重大', '突发', '事件', '突发事件']"
339,突发事件,群体性不明原因疾病,C,区卫健局,"['群体', '体性', '群体性', '不明', '原因', '疾病']","['群体', '体性', '群体性', '不明', '原因', '疾病']"
340,突发事件,重大传染病疫情,C,区卫健局,"['重大', '传染', '染病', '传染病', '疫情']","['重大', '传染', '染病', '传染病', '疫情']"
341,纪检监察,党政处分,C,区纪委监委,"['党政', '处分']","['宪政', '新政', '时政', '朝政', '国政', '政党', '党', '政局', '党政', '大政', '责罚', '处罚', '操持', '罚', '判罚', '惩', '处事', '从事', '重罚', '惩办', '料理', '处分', '处置', '惩罚', '论处', '处理', '措置', '安排', '裁处']"
342,社会服务类,行政机关工作作风问题,C,区纪委监委,"['行政', '机关', '工作', '作风', '工作作风']","['行政', '机关', '工作', '作风', '工作作风']"
343,市场管理类,烟草日常管理,D,市级,"['烟草', '日常']","['烟草', '烟碱', '烟', '烟叶', '一般而言', '数见不鲜', '万般', '一般性', '常备', '便', '惯常', '平常', '通常', '一般说来', '累见不鲜', '平凡', '家常', '平平常常', '不足为奇', '一般', '不足为怪', '屡见不鲜', '寻常', '习以为常', '普普通通', '司空见惯', '普通', '等闲', '常见', '日常', '平淡无奇']"
344,市场管理类,银行行业,D,市级,"['银行', '行业']","['银行', '存储点', '银行业', '钱庄', '银号', '储蓄所', '银行家', '正业', '行当', '业', '同行业', '本行', '行', '行业']"
345,市场管理类,保险行业,D,市级,"['保险', '行业', '保险行业']","['管', '牢靠', '管保', '吃准', '牢稳', '笃定', '百无一失', '包管', '保险', '包', '承保', '准保', '把稳', '打包票', '作保', '靠得住', '可靠', '担保', '管教', '稳操左券', '稳操胜券', '保管', '稳拿把攥', '确保', '保准', '力保', '保证', '十拿九稳', '保', '正业', '行当', '业', '同行业', '本行', '行', '行业']"
346,市场管理类,证券行业,D,市级,"['证券', '行业']","['权益凭证', '证券', '有价证券', '正业', '行当', '业', '同行业', '本行', '行', '行业']"
347,市场管理类,烟草执法管理,D,市级,"['烟草', '执法']","['烟草', '烟碱', '烟', '烟叶', '执法']"
348,市场管理类,广电,D,市级,['广电'],['广电']
349,市场管理类,文物,D,市级,['文物'],"['古玩', '左传·桓公二年', '古董', '文物', '出土文物', '名物', '活化石', '骨董']"
350,市场管理类,电影,D,市级,['电影'],"['影', '录像', '影视', '影片', '(消歧义)', '影戏', '电影']"
351,市场管理类,艺术品,D,市级,"['艺术', '艺术品']","['艺术', '艺术品']"
352,市场管理类,著作权,D,市级,"['著作', '著作权']","['著作', '著作权']"
353,社会服务类,供电问题,D,市级,"['供电','停电','用电','拉闸','限电','电费']","['供电','停电','用电','拉闸','限电','电费']"
354,社会服务类,其他供气问题,D,市级,"['其他', '供气']","['其余', '另一个', '其它', '别', '外', '另', '其他', '另外', '任何', '旁', '别样', '供气', '供水', '供电', '供货', '供热', '供油', '供种']"
355,社会服务类,数字电视,D,市级,"['数字', '电视', '数字电', '数字电视']","['数字', '数目字', '电视广播', '电视机', '电视']"
356,社会服务类,通讯服务问题,D,市级,"['通讯', '服务']","['报导', '通讯', '通信', '简报', '报道', '劳动', '劳', '服务', '劳务']"
357,社会服务类,天然气抢修类问题,D,市级,"['天然', '天然气', '抢修']","['天然', '天然气', '抢修']"
358,社会服务类,律师监管,D,市级,"['律师', '监管']","['辩士', '辩护律师', '律师', '辩护人', '辩护士', '托管', '齐抓共管', '代管', '分管', '套管', '接管', '经管', '监管', '共管']"
359,社会服务类,天然气服务监督,D,市级,"['天然', '天然气', '服务', '监督']","['天然', '天然气', '服务', '监督']"
360,社会服务类,违章用水,D,市级,"['违章', '用水']","['犯禁', '犯规', '违章', '违禁', '用水', '用血', '用电']"
361,社会服务类,供水服务咨询,D,市级,"['供水', '服务', '咨询']","['供气', '供水', '供电', '供货', '供热', '供油', '供种', '劳动', '劳', '服务', '劳务', '问问', '问', '询', '叩', '问话', '诹', '提问', '问讯', '咨询', '发问', '叩问', '訾', '讯问']"
362,社会服务类,供水服务投诉,D,市级,"['供水', '服务', '投诉']","['供气', '供水', '供电', '供货', '供热', '供油', '供种', '劳动', '劳', '服务', '劳务', '反诉', '主控', '行政诉讼', '申诉', '追诉', '投诉', '公诉', '自诉', '起诉']"
363,社会服务类,天然气抄收类问题,D,市级,"['天然', '天然气', '抄收']","['天然', '天然气', '抄收']"
364,社会服务类,天然气安装维修类问题,D,市级,"['天然', '天然气', '安装', '维修']","['天然', '天然气', '安装', '维修']"
365,社会服务类,天然气安检类问题,D,市级,"['天然', '天然气', '安检']","['天然', '天然气', '安检']"
366,社会服务类,天然气市场类问题,D,市级,"['天然', '天然气', '市场']","['天然', '天然气', '市场']"
367,社会服务类,天然气燃气具类问题,D,市级,"['天然', '天然气', '燃气', '燃气具']","['天然', '天然气', '燃气', '燃气具']"
368,社会服务类,燃气管道破裂,D,市级,"['燃气', '气管', '燃气管', '道', '破裂']","['燃气', '气管', '燃气管', '道', '破裂']"
369,社会服务类,网络电视,D,市级,"['网络', '电视']","['网子', '网络', '发网', '纱', '网', '大网', '罗网', '络', '台网', '电视广播', '电视机', '电视']"
370,社会服务类,网络宽带,D,市级,"['网络', '宽带']","['网子', '网络', '发网', '纱', '网', '大网', '罗网', '络', '台网', '宽带', '宽频']"
371,社会服务类,邮政服务,D,市级,"['邮政', '服务']","['行政', '市政', '邮政', '地政', '民政', '邮件', '内政', '财政', '劳动', '劳', '服务', '劳务']"
373,社会服务类,停水或水压低问题,D,市级,"['停水', '或水', '压低']","['停课', '停产', '停机', '熄火', '止血', '停手', '熄灯', '停贷', '止痛', '停学', '停电', '停水', '停航', '停办', '停车', '停刊', '停薪', '停建', '停工', '停赛', '低平', '矮', '压低', '低', '最低', '锉', '低于', '倭', '矬']"
374,社会服务类,水费营收问题,D,市级,"['水费', '营收']","['水费', '营收']"
375,社会服务类,水表报装问题,D,市级,"['水表', '报装']","['立方米', '水表', '气压表', '煤气表', '曝光表', '压力表']"
376,社会服务类,水质问题,D,市级,['水质'],"['水质', '沙质', '土质']"
377,社会服务类,其他供水问题,D,市级,"['其他', '供水']","['其余', '另一个', '其它', '别', '外', '另', '其他', '另外', '任何', '旁', '别样', '供气', '供水', '供电', '供货', '供热', '供油', '供种']"
378,社会服务类,公证问题,D,市级,['公证'],"['旁证', '人证', '佐证', '反证', '公证', '物证', '公证人', '赃证', '伪证', '罪证']"
379,公共设施维护管理,供水设施缺损问题,D,市级,"['供水', '设施', '缺损']","['供气', '供水', '供电', '供货', '供热', '供油', '供种', '设施', '装具', '装置', '配备', '装备', '设备', '亏空', '空', '拖欠', '亏欠', '缺损', '亏累']"
380,公共设施维护管理,电力设施破损,D,市级,"['电力', '设施', '电力设施', '破损']","['电力', '设施', '电力设施', '破损']"
381,公共设施维护管理,变压器（箱）破损,D,市级,"['变压', '变压器', '箱', '破损']","['变压', '变压器', '箱', '破损']"
382,公共设施维护管理,高压线铁塔破损,D,市级,"['高压', '压线', '高压线', '铁塔', '破损']","['高压', '压线', '高压线', '铁塔', '破损']"
383,公共设施维护管理,移动沟槽井盖缺损,D,市级,"['移动', '沟槽', '井盖', '缺损']","['搬动', '倒', '移', '运动', '动', '举手投足', '腾挪', '移动', '移位', '移步', '平移', '活动', '挪动', '挪', '挪窝', '移送', '搬', '位移', '走', '水道', '地沟', '渠道', '渡槽', '垄沟', '沟渠', '沟槽', '水渠', '渠', '沟', '亏空', '空', '拖欠', '亏欠', '缺损', '亏累']"
384,公共设施维护管理,联通沟槽井盖缺损,D,市级,"['联通', '沟槽', '井盖', '缺损']","['水道', '地沟', '渠道', '渡槽', '垄沟', '沟渠', '沟槽', '水渠', '渠', '沟', '亏空', '空', '拖欠', '亏欠', '缺损', '亏累']"
385,公共设施维护管理,电力井盖缺损,D,市级,"['电力', '井盖', '缺损']","['电力', '井盖', '缺损']"
386,公共设施维护管理,电信沟槽井盖缺损,D,市级,"['电信', '沟槽', '井盖', '缺损']","['电信', '沟槽', '井盖', '缺损']"
387,公共设施维护管理,电视线路沟槽井盖缺损,D,市级,"['电视', '线路', '沟槽', '井盖', '缺损']","['电视广播', '电视机', '电视', '路', '路线', '路经', '线路', '线', '水道', '地沟', '渠道', '渡槽', '垄沟', '沟渠', '沟槽', '水渠', '渠', '沟', '亏空', '空', '拖欠', '亏欠', '缺损', '亏累']"
388,公共设施维护管理,燃气井盖缺损,D,市级,"['燃气', '井盖', '缺损']","['水煤气', '煤气', '瓦斯', '电气', '天然气', '镭射气', '肝气', '光气', '瘴气', '废气', '液化气', '煤层气', '芥子气', '燃气', '木煤气', '地气', '药性气', '油气', '天燃气', '石油气', '亏空', '空', '拖欠', '亏欠', '缺损', '亏累']"
389,公共设施维护管理,网络井盖,D,市级,"['网络', '井盖']","['网子', '网络', '发网', '纱', '网', '大网', '罗网', '络', '台网']"
390,公共设施维护管理,通讯交接箱破损,D,市级,"['通讯', '交接', '箱', '破损']","['通讯', '交接', '箱', '破损']"
391,突发事件,燃气管道破裂,D,市级,"['燃气', '气管', '燃气管', '道', '破裂']","['燃气', '气管', '燃气管', '道', '破裂']"
392,突发事件,热力管道破裂,D,市级,"['热力', '管道', '破裂']","['热滚滚', '热哄哄', '热', '热腾腾', '热和', '热乎乎', '热呼呼', '热烘烘', '热火', '热力', '热乎', '弹道', '磁道', '管道', '崖崩', '冻裂', '分裂', '绽', '绷', '裂缝', '干裂', '破裂', '裂', '皴裂', '开绽', '坼', '绽裂', '裂口', '豁', '裂开', '皲裂', '颚裂', '皴', '龟裂', '踏破', '披', '开裂']"
393,突发事件,自来水管破裂,D,市级,"['自来', '水管', '自来水', '自来水管', '破裂']","['自来', '水管', '自来水', '自来水管', '破裂']"
394,建设管理类,供水施工问题,D,市级,"['供水', '施工']","['供气', '供水', '供电', '供货', '供热', '供油', '供种', '动土', '破土动工', '破土', '动工', '施工']"
395,建设管理类,供电施工问题,D,市级,"['供电', '施工']","['供电', '施工']"
396,交通管理类,交通出行价格管理,D,市级,"['交通', '出行', '价格']","['通讯员', '畅行无阻', '风里来雨里去', '通行无阻', '通达', '四通八达', '畅通', '交通', '通畅', '无阻', '通', '直通', '畅通无阻', '畅达', '风雨无阻', '畅行', '通行', '交通员', '出外', '远门', '出行', '外出', '价钱', '标价', '价位', '价值', '价格', '价']"
397,交通管理类,轨道交通管理,D,市级,"['轨道', '交通', '交通管理']","['轨道', '交通', '交通管理']"
398,交通管理类,航空方面的问题,D,市级,"['航空', '方面']","['空运', '航空', '宇航', '飞', '空中运输', '航空运输', '飞行', '者', '地方', '面', '上面', '方位', '向', '方面', '方向', '方', '点', '上头', '端']"
399,交通管理类,铁路方面的问题,D,市级,"['铁路', '方面']","['铁路系统', '高速公路', '大众运输', '轨道交通', '公路', '单线铁路', '黑路', '铁路', '城际轨道交通', '客运', '铁道', '柏油路', '铁路运输', '高架路', '公共交通', '公共交通工具', 'rail', 'transportation', '机耕路', 'transport', '大容量快速交通系统', '城市轨道交通', 'public', '轨道运输', '者', '地方', '面', '上面', '方位', '向', '方面', '方向', '方', '点', '上头', '端']"
400,交通管理类,长途车管理,D,市级,"['长途', '长途车']","['长途', '长途车']"
401,交通管理类,轮渡管理,D,市级,['轮渡'],"['轮渡', '渡船', '交通船', '渡海小轮', '渡轮']"
402,交通管理类,路桥收费咨询类问题,D,市级,"['路桥', '收费', '咨询']","['路桥', '收费', '咨询']"
403,交通管理类,路桥收费求助类问题,D,市级,"['路桥', '收费', '求助']","['石拱桥', '鹊桥', '便桥', '铁路桥', '浮桥', '铁桥', '舟桥', '铁索桥', '木桥', '引桥', '斜拉桥', '石桥', '电桥', '跨线桥', '栈桥', '正桥', '望桥', '立交桥', '飞桥', '公路桥', '竹桥', '高架桥', '路桥', '主桥', '小桥', '收贷', '收费', '收款', '求救', '求援', '告急', '呼救', '求助', '乞援']"
404,交通管理类,公交车管理,D,市级,"['公交', '公交车']","['公交', '汽车', '电车', '双动源无轨电车', '街车', '无轨电车', '的士', '微型车', '公共汽车', '公汽', '大客车', '摆式列车', '出租汽车', '有轨电车', '空中客车', '工具车', '棚代客车', '国产车', '长途汽车', '中巴车', '大巴', '公交车', '山地车', '计程车', '客车', '巴士', '面包车', '面的']"
405,交通管理类,路桥收费投诉类问题,D,市级,"['路桥', '收费', '投诉']","['石拱桥', '鹊桥', '便桥', '铁路桥', '浮桥', '铁桥', '舟桥', '铁索桥', '木桥', '引桥', '斜拉桥', '石桥', '电桥', '跨线桥', '栈桥', '正桥', '望桥', '立交桥', '飞桥', '公路桥', '竹桥', '高架桥', '路桥', '主桥', '小桥', '收贷', '收费', '收款', '反诉', '主控', '行政诉讼', '申诉', '追诉', '投诉', '公诉', '自诉', '起诉']"
406,房屋土地管理类,公积金提取问题,D,市级,"['公积', '积金', '公积金', '提取']","['公共积累', '公积金', '取', '领取', '领到', '提取', '领', '提']"
407,房屋土地管理类,公积金贷款问题,D,市级,"['公积', '积金', '公积金', '贷款']","['公积', '积金', '公积金', '贷款']"
408,房屋土地管理类,公积金委托扣划问题,D,市级,"['公积', '积金', '公积金', '委托', '扣划']","['公共积累', '公积金', '托付', '寄托', '寄', '付托', '嘱托', '委托', '信托', '托']"
409,房屋土地管理类,公积金网上业务问题,D,市级,"['公积', '积金', '公积金', '网上', '业务']","['公共积累', '公积金', '桌上', '台上', '街上', '楼上', '肩上', '墙上', '网上', '场上', '地上', '水上', '海上', '业务', '业务员', '事体', '政工', '作业', '事务', '业务人员', '事情', '务', '工作']"
410,房屋土地管理类,公积金短信问题,D,市级,"['公积', '积金', '公积金', '短信']","['公共积累', '公积金', 'texts', '短讯', '短信息服务', '短消息', '短信息', '资讯', 'messages', '情报', '短信', 'SMSes', '文字讯息', '简讯', 'txts', '信息', 'text']"
411,房屋土地管理类,公积金缴存问题,D,市级,"['公积', '积金', '公积金', '缴存']","['公共积累', '公积金', '缴存', '缴送']"
